<BackupInst xmlns="http://www.microsoft.com/GroupPolicy/GPOOperations/Manifest"><GPOGuid><![CDATA[{89173211-ED6C-4BFF-A020-2F9A60C9BC3B}]]></GPOGuid><GPODomain><![CDATA[pharmgreen.org]]></GPODomain><GPODomainGuid><![CDATA[{30a9b849-5fce-4bec-afa0-5949f5a7e37f}]]></GPODomainGuid><GPODomainController><![CDATA[WINSERV.pharmgreen.org]]></GPODomainController><BackupTime><![CDATA[2024-05-23T08:42:16]]></BackupTime><ID><![CDATA[{FCA90004-3086-4CEE-A9E2-E2C2E24A2641}]]></ID><Comment><![CDATA[]]></Comment><GPODisplayName><![CDATA[GPO_Secu_Acces_Base_Registre]]></GPODisplayName></BackupInst>
