<BackupInst xmlns="http://www.microsoft.com/GroupPolicy/GPOOperations/Manifest"><GPOGuid><![CDATA[{F102DA74-DC43-41C1-924B-623FDC26484D}]]></GPOGuid><GPODomain><![CDATA[pharmgreen.org]]></GPODomain><GPODomainGuid><![CDATA[{30a9b849-5fce-4bec-afa0-5949f5a7e37f}]]></GPODomainGuid><GPODomainController><![CDATA[WINSERV.pharmgreen.org]]></GPODomainController><BackupTime><![CDATA[2024-05-22T18:14:13]]></BackupTime><ID><![CDATA[{1367F69D-ED8E-4D6B-8BCC-99CC237BD50C}]]></ID><Comment><![CDATA[]]></Comment><GPODisplayName><![CDATA[GPO_Std_Wallpaper]]></GPODisplayName></BackupInst>
