<BackupInst xmlns="http://www.microsoft.com/GroupPolicy/GPOOperations/Manifest"><GPOGuid><![CDATA[{638978C1-0C85-462A-BCEC-23E24BAFE3F9}]]></GPOGuid><GPODomain><![CDATA[pharmgreen.org]]></GPODomain><GPODomainGuid><![CDATA[{30a9b849-5fce-4bec-afa0-5949f5a7e37f}]]></GPODomainGuid><GPODomainController><![CDATA[WINSERV.pharmgreen.org]]></GPODomainController><BackupTime><![CDATA[2024-06-05T07:45:55]]></BackupTime><ID><![CDATA[{23301F51-7C78-425C-AC3E-F5C5B93E1AC8}]]></ID><Comment><![CDATA[]]></Comment><GPODisplayName><![CDATA[GPO_Dossier_Utilisateurs]]></GPODisplayName></BackupInst>
