<BackupInst xmlns="http://www.microsoft.com/GroupPolicy/GPOOperations/Manifest"><GPOGuid><![CDATA[{D3813734-4A12-4A09-8891-64C22C8180A3}]]></GPOGuid><GPODomain><![CDATA[pharmgreen.org]]></GPODomain><GPODomainGuid><![CDATA[{30a9b849-5fce-4bec-afa0-5949f5a7e37f}]]></GPODomainGuid><GPODomainController><![CDATA[WINSERV.pharmgreen.org]]></GPODomainController><BackupTime><![CDATA[2024-06-05T15:00:01]]></BackupTime><ID><![CDATA[{9A742C59-4C57-40F9-B410-20321CC0CC31}]]></ID><Comment><![CDATA[backup s13]]></Comment><GPODisplayName><![CDATA[GPO_C_Restriction_Acces_Firewall]]></GPODisplayName></BackupInst>
