<?xml version="1.0" encoding="utf-8"?><!-- Copyright (c) Microsoft Corporation.  All rights reserved. --><GroupPolicyBackupScheme bkp:version="2.0" bkp:type="GroupPolicyBackupTemplate" xmlns:bkp="http://www.microsoft.com/GroupPolicy/GPOOperations" xmlns="http://www.microsoft.com/GroupPolicy/GPOOperations">
    <GroupPolicyObject><SecurityGroups><Group bkp:Source="FromDACL"><Sid><![CDATA[S-1-5-21-3577228347-813851686-2838426286-519]]></Sid><SamAccountName><![CDATA[Enterprise Admins]]></SamAccountName><Type><![CDATA[UniversalGroup]]></Type><NetBIOSDomainName><![CDATA[PHARMGREEN]]></NetBIOSDomainName><DnsDomainName><![CDATA[pharmgreen.org]]></DnsDomainName><UPN><![CDATA[Enterprise Admins@pharmgreen.org]]></UPN></Group><Group bkp:Source="FromDACL"><Sid><![CDATA[S-1-5-21-3577228347-813851686-2838426286-512]]></Sid><SamAccountName><![CDATA[Domain Admins]]></SamAccountName><Type><![CDATA[GlobalGroup]]></Type><NetBIOSDomainName><![CDATA[PHARMGREEN]]></NetBIOSDomainName><DnsDomainName><![CDATA[pharmgreen.org]]></DnsDomainName><UPN><![CDATA[Domain Admins@pharmgreen.org]]></UPN></Group></SecurityGroups><FilePaths><Path><![CDATA[\\192.168.9.2\Ressources]]></Path></FilePaths><GroupPolicyCoreSettings><ID><![CDATA[{A5C64773-44E6-4762-9746-2B551921B488}]]></ID><Domain><![CDATA[pharmgreen.org]]></Domain><SecurityDescriptor>01 00 04 9c 00 00 00 00 00 00 00 00 00 00 00 00 14 00 00 00 04 00 ec 00 08 00 00 00 05 02 28 00 00 01 00 00 01 00 00 00 8f fd ac ed b3 ff d1 11 b4 1d 00 a0 c9 68 f9 39 01 01 00 00 00 00 00 05 0b 00 00 00 00 00 24 00 ff 00 0f 00 01 05 00 00 00 00 00 05 15 00 00 00 3b 2c 38 d5 26 64 82 30 ae f2 2e a9 00 02 00 00 00 02 24 00 ff 00 0f 00 01 05 00 00 00 00 00 05 15 00 00 00 3b 2c 38 d5 26 64 82 30 ae f2 2e a9 00 02 00 00 00 02 24 00 ff 00 0f 00 01 05 00 00 00 00 00 05 15 00 00 00 3b 2c 38 d5 26 64 82 30 ae f2 2e a9 07 02 00 00 00 02 14 00 94 00 02 00 01 01 00 00 00 00 00 05 09 00 00 00 00 02 14 00 94 00 02 00 01 01 00 00 00 00 00 05 0b 00 00 00 00 02 14 00 ff 00 0f 00 01 01 00 00 00 00 00 05 12 00 00 00 00 0a 14 00 ff 00 0f 00 01 01 00 00 00 00 00 03 00 00 00 00</SecurityDescriptor><DisplayName><![CDATA[GPO_Std_Dpl_Firefox]]></DisplayName><Options><![CDATA[0]]></Options><UserVersionNumber><![CDATA[0]]></UserVersionNumber><MachineVersionNumber><![CDATA[196611]]></MachineVersionNumber><MachineExtensionGuids><![CDATA[[{C6DC5466-785A-11D2-84D0-00C04FB169F7}{942A8E4F-A261-11D1-A760-00C04FB9603F}]]]></MachineExtensionGuids><UserExtensionGuids/><WMIFilter/></GroupPolicyCoreSettings> 
        <GroupPolicyExtension bkp:ID="{35378EAC-683F-11D2-A89A-00C04FBBCFA2}" bkp:DescName="Registry">
            
            
            <FSObjectFile bkp:Path="%GPO_FSPATH%\Adm\*.*" bkp:SourceExpandedPath="\\WINSERV.pharmgreen.org\sysvol\pharmgreen.org\Policies\{A5C64773-44E6-4762-9746-2B551921B488}\Adm\*.*"/>
        </GroupPolicyExtension>
        
        
        
        
        
        
        
        
        <GroupPolicyExtension bkp:ID="{c6dc5466-785a-11d2-84d0-00c04fb169f7}" bkp:DescName="Software Installation">
            
        <DSObject bkp:Path="cn=Class Store,%GPO_MACH_DSPATH%" bkp:ObjectClass="classStore" bkp:SourceExpandedPath="cn=Class Store,cn=Machine,cn={A5C64773-44E6-4762-9746-2B551921B488},CN=Policies,CN=System,DC=pharmgreen,DC=org">
                <DSObject bkp:Path="cn=Packages,cn=Class Store,%GPO_MACH_DSPATH%" bkp:ObjectClass="classStore" bkp:SourceExpandedPath="cn=Packages,cn=Class Store,cn=Machine,cn={A5C64773-44E6-4762-9746-2B551921B488},CN=Policies,CN=System,DC=pharmgreen,DC=org">
                    <DSObject bkp:Path="*,cn=Packages,cn=Class Store,%GPO_MACH_DSPATH%" bkp:ObjectClass="packageRegistration" bkp:SourceExpandedPath="*,cn=Packages,cn=Class Store,cn=Machine,cn={A5C64773-44E6-4762-9746-2B551921B488},CN=Policies,CN=System,DC=pharmgreen,DC=org" bkp:ReEvaluateFunction="SIProcessAllPackageObjects"><DSObject bkp:ObjectClass="packageRegistration" bkp:Path="CN=747f6d1e-2722-454f-98a4-25f686b9d472,CN=Packages,CN=Class Store,%GPO_MACH_DSPATH%" bkp:SourceExpandedPath="CN=747f6d1e-2722-454f-98a4-25f686b9d472,CN=Packages,CN=Class Store,cn=Machine,cn={A5C64773-44E6-4762-9746-2B551921B488},CN=Policies,CN=System,DC=pharmgreen,DC=org" bkp:ReEvaluateFunction="SIProcessPackageObject"><FSObjectFile bkp:Path="%GPO_MACH_FSPATH%\Applications\{6B95E3A1-19ED-4E70-8AB4-5ABA7DE6C0F9}.aas" bkp:SourceExpandedPath="\\WINSERV.pharmgreen.org\sysvol\pharmgreen.org\Policies\{A5C64773-44E6-4762-9746-2B551921B488}\Machine\Applications\{6B95E3A1-19ED-4E70-8AB4-5ABA7DE6C0F9}.aas" bkp:Location="DomainSysvol\GPO\Machine\Applications\{6B95E3A1-19ED-4E70-8AB4-5ABA7DE6C0F9}.aas"/>
                        <SecurityDescriptor>01 00 04 8c 00 00 00 00 00 00 00 00 00 00 00 00 14 00 00 00 04 00 14 01 0a 00 00 00 00 00 24 00 ff 01 0f 00 01 05 00 00 00 00 00 05 15 00 00 00 3b 2c 38 d5 26 64 82 30 ae f2 2e a9 00 02 00 00 00 00 14 00 94 00 02 00 01 01 00 00 00 00 00 05 0b 00 00 00 00 00 14 00 ff 01 0f 00 01 01 00 00 00 00 00 05 12 00 00 00 05 12 28 00 00 01 00 00 01 00 00 00 8f fd ac ed b3 ff d1 11 b4 1d 00 a0 c9 68 f9 39 01 01 00 00 00 00 00 05 0b 00 00 00 00 12 24 00 ff 00 0f 00 01 05 00 00 00 00 00 05 15 00 00 00 3b 2c 38 d5 26 64 82 30 ae f2 2e a9 00 02 00 00 00 12 24 00 ff 00 0f 00 01 05 00 00 00 00 00 05 15 00 00 00 3b 2c 38 d5 26 64 82 30 ae f2 2e a9 07 02 00 00 00 12 14 00 94 00 02 00 01 01 00 00 00 00 00 05 09 00 00 00 00 12 14 00 94 00 02 00 01 01 00 00 00 00 00 05 0b 00 00 00 00 12 14 00 ff 00 0f 00 01 01 00 00 00 00 00 05 12 00 00 00 00 1a 14 00 ff 00 0f 00 01 01 00 00 00 00 00 03 00 00 00 00</SecurityDescriptor>
                        <DSAttributeBinary bkp:DSAttrName="objectGUID"><DSValue><![CDATA[69 58 91 6e ab ef 36 42 af 0a 13 82 6e 2c 76 79]]></DSValue></DSAttributeBinary>
                        <DSAttributeMultiString bkp:DSAttrName="cOMClassID"><DSValue><![CDATA[00000000-0000-0000-0000-000000000000:0]]></DSValue></DSAttributeMultiString>
                        <DSAttributeMultiString bkp:DSAttrName="cOMProgID"/>
                        <DSAttributeMultiString bkp:DSAttrName="fileExtPriority"/>
                        <DSAttributeMultiDWORD bkp:DSAttrName="localeID"><DSValue><![CDATA[0]]></DSValue></DSAttributeMultiDWORD>
                        <DSAttributeMultiDWORD bkp:DSAttrName="machineArchitecture"><DSValue><![CDATA[150996226]]></DSValue></DSAttributeMultiDWORD>
                        <DSAttributeDWORD bkp:DSAttrName="versionNumberHi"><DSValue><![CDATA[115]]></DSValue></DSAttributeDWORD>
                        <DSAttributeDWORD bkp:DSAttrName="versionNumberLo"><DSValue><![CDATA[11]]></DSValue></DSAttributeDWORD>
                        <DSAttributeDWORD bkp:DSAttrName="revision"><DSValue><![CDATA[0]]></DSValue></DSAttributeDWORD>
                        <DSAttributeDWORD bkp:DSAttrName="packageType"><DSValue><![CDATA[5]]></DSValue></DSAttributeDWORD>
                        <DSAttributeDWORD bkp:DSAttrName="packageFlags"><DSValue><![CDATA[2684374128]]></DSValue></DSAttributeDWORD>
                        <DSAttributeString bkp:DSAttrName="packageName"><DSValue><![CDATA[Mozilla Firefox]]></DSValue></DSAttributeString>
                        <DSAttributeString bkp:DSAttrName="msiScriptPath"><DSValue><![CDATA[\\pharmgreen.org\SysVol\pharmgreen.org\Policies\{A5C64773-44E6-4762-9746-2B551921B488}\Machine\Applications\{6B95E3A1-19ED-4E70-8AB4-5ABA7DE6C0F9}.aas]]></DSValue></DSAttributeString>
                        <DSAttributeString bkp:DSAttrName="msiScriptName"><DSValue><![CDATA[A]]></DSValue></DSAttributeString>
                        <DSAttributeDWORD bkp:DSAttrName="msiScriptSize"/>
                        <DSAttributeMultiString bkp:DSAttrName="url"/>
                        <DSAttributeString bkp:DSAttrName="setupCommand"/>
                        <DSAttributeString bkp:DSAttrName="lastUpdateSequence"><DSValue><![CDATA[20240521093646]]></DSValue></DSAttributeString>
                        <DSAttributeMultiString bkp:DSAttrName="msiFileList"><DSValue><![CDATA[0:\\192.168.9.2\Ressources\Firefox.msi]]></DSValue></DSAttributeMultiString>
                        <DSAttributeMultiString bkp:DSAttrName="categories"/>
                        <DSAttributeMultiString bkp:DSAttrName="canUpgradeScript"/>
                        <DSAttributeDWORD bkp:DSAttrName="installUiLevel"><DSValue><![CDATA[5]]></DSValue></DSAttributeDWORD>
                        <DSAttributeBinary bkp:DSAttrName="msiScript"/>
                        <DSAttributeString bkp:DSAttrName="displayName"><DSValue><![CDATA[Mozilla Firefox]]></DSValue></DSAttributeString>
                        <DSAttributeBinary bkp:DSAttrName="productCode"><DSValue><![CDATA[c5 a4 94 12 77 99 0f 48 94 97 c0 ea 1e 63 01 30]]></DSValue></DSAttributeBinary>
                        <DSAttributeBinary bkp:DSAttrName="upgradeProductCode"><DSValue><![CDATA[4c ab 18 31 33 b4 bb 4f b9 fa 8f 9c a4 b5 c1 03]]></DSValue></DSAttributeBinary>
                        <DSAttributeString bkp:DSAttrName="Vendor"/>
                    </DSObject>
                        <SecurityDescriptor/>
                        <DSAttributeBinary bkp:DSAttrName="objectGUID"/>
                        <DSAttributeMultiString bkp:DSAttrName="cOMClassID"/>
                        <DSAttributeMultiString bkp:DSAttrName="cOMProgID"/>
                        <DSAttributeMultiString bkp:DSAttrName="fileExtPriority"/>
                        <DSAttributeMultiDWORD bkp:DSAttrName="localeID"/>
                        <DSAttributeMultiDWORD bkp:DSAttrName="machineArchitecture"/>
                        <DSAttributeDWORD bkp:DSAttrName="versionNumberHi"/>
                        <DSAttributeDWORD bkp:DSAttrName="versionNumberLo"/>
                        <DSAttributeDWORD bkp:DSAttrName="revision"/>
                        <DSAttributeDWORD bkp:DSAttrName="packageType"/>
                        <DSAttributeDWORD bkp:DSAttrName="packageFlags"/>
                        <DSAttributeString bkp:DSAttrName="packageName"/>
                        <DSAttributeString bkp:DSAttrName="msiScriptPath"/>
                        <DSAttributeString bkp:DSAttrName="msiScriptName"/>
                        <DSAttributeDWORD bkp:DSAttrName="msiScriptSize"/>
                        <DSAttributeMultiString bkp:DSAttrName="url"/>
                        <DSAttributeString bkp:DSAttrName="setupCommand"/>
                        <DSAttributeString bkp:DSAttrName="lastUpdateSequence"/>
                        <DSAttributeMultiString bkp:DSAttrName="msiFileList"/>
                        <DSAttributeMultiString bkp:DSAttrName="categories"/>
                        <DSAttributeMultiString bkp:DSAttrName="canUpgradeScript"/>
                        <DSAttributeDWORD bkp:DSAttrName="installUiLevel"/>
                        <DSAttributeBinary bkp:DSAttrName="msiScript"/>
                        <DSAttributeString bkp:DSAttrName="displayName"/>
                        <DSAttributeBinary bkp:DSAttrName="productCode"/>
                        <DSAttributeBinary bkp:DSAttrName="upgradeProductCode"/>
                        <DSAttributeString bkp:DSAttrName="Vendor"/>
                    </DSObject>
                </DSObject>
                <DSAttributeDWORD bkp:DSAttrName="appSchemaVersion"><DSValue><![CDATA[1740]]></DSValue></DSAttributeDWORD>
                <DSAttributeString bkp:DSAttrName="extensionName"><DSValue><![CDATA[GPO_Std_Dpl_Firefox]]></DSValue></DSAttributeString>
                <DSAttributeString bkp:DSAttrName="description"><DSValue><![CDATA[Application Store]]></DSValue></DSAttributeString>
                <DSAttributeExpandedString bkp:DSAttrName="displayName">
                    <DSValue>LDAP://%GPO_DSPATH%</DSValue>
                </DSAttributeExpandedString>
            </DSObject>
        </GroupPolicyExtension>
    <GroupPolicyExtension bkp:ID="{F15C46CD-82A0-4C2D-A210-5D0D3182A418}" bkp:DescName="Unknown Extension"><FSObjectDir bkp:Path="%GPO_MACH_FSPATH%\Applications" bkp:SourceExpandedPath="\\WINSERV.pharmgreen.org\sysvol\pharmgreen.org\Policies\{A5C64773-44E6-4762-9746-2B551921B488}\Machine\Applications" bkp:Location="DomainSysvol\GPO\Machine\Applications"/></GroupPolicyExtension></GroupPolicyObject>
</GroupPolicyBackupScheme>