<?xml version="1.0" encoding="utf-8"?>
<Drives clsid="{8FDDCC1A-0C3C-43cd-A6B4-71A6DF20DA8C}"><Drive clsid="{935D1B74-9CB8-4e3c-9914-7DD559B7A417}" name="N:" status="N:" image="1" changed="2024-06-05 11:31:25" uid="{4C0EDE2F-BE73-4BAA-B879-5810EA0A5EE1}" userContext="1" bypassErrors="1"><Properties action="R" thisDrive="SHOW" allDrives="SHOW" userName="" path="\\WINSERV\Direction_Financiere$" label="Dossiers Direction Financière" persistent="1" useLetter="1" letter="N"/><Filters><FilterGroup bool="AND" not="0" name="PHARMGREEN\GRP_U_Direction_Financiere" sid="S-1-5-21-3577228347-813851686-2838426286-4074" userContext="1" primaryGroup="0" localGroup="0"/></Filters></Drive>
	<Drive clsid="{935D1B74-9CB8-4e3c-9914-7DD559B7A417}" name="M:" status="M:" image="1" changed="2024-06-05 17:55:59" uid="{B146A23E-F7D1-4646-9C54-2713337A5C52}" userContext="1" bypassErrors="1"><Properties action="R" thisDrive="SHOW" allDrives="SHOW" userName="" path="\\WINSERV\Controle_Gestion$" label="Dossiers Controle Gestion" persistent="1" useLetter="1" letter="M"/><Filters><FilterGroup bool="AND" not="0" name="PHARMGREEN\GRP_U_Controle_Gestion" sid="S-1-5-21-3577228347-813851686-2838426286-4080" userContext="1" primaryGroup="0" localGroup="0"/></Filters></Drive>
	<Drive clsid="{935D1B74-9CB8-4e3c-9914-7DD559B7A417}" name="M:" status="M:" image="1" changed="2024-06-05 14:11:51" uid="{21BC5D08-EB3F-4D6E-8617-136CCCA1C934}" userContext="1" bypassErrors="1"><Properties action="R" thisDrive="SHOW" allDrives="SHOW" userName="" path="\\WINSERV\Finance$" label="Dossiers Finance" persistent="1" useLetter="1" letter="M"/><Filters><FilterGroup bool="AND" not="0" name="PHARMGREEN\GRP_U_Finance" sid="S-1-5-21-3577228347-813851686-2838426286-4075" userContext="1" primaryGroup="0" localGroup="0"/></Filters></Drive>
	<Drive clsid="{935D1B74-9CB8-4e3c-9914-7DD559B7A417}" name="M:" status="M:" image="1" changed="2024-06-05 14:12:30" uid="{1DDDE77A-2BD8-4C01-B963-67488572C9BA}" userContext="1" bypassErrors="1"><Properties action="R" thisDrive="SHOW" allDrives="SHOW" userName="" path="\\WINSERV\Service_Comptabilite$" label="Dossiers Controle Gestion" persistent="1" useLetter="1" letter="M"/><Filters><FilterGroup bool="AND" not="0" name="PHARMGREEN\GRP_U_Service_Comptabilite" sid="S-1-5-21-3577228347-813851686-2838426286-4078" userContext="1" primaryGroup="0" localGroup="0"/></Filters></Drive>
</Drives>
