<?xml version="1.0" encoding="utf-8"?>
<Drives clsid="{8FDDCC1A-0C3C-43cd-A6B4-71A6DF20DA8C}"><Drive clsid="{935D1B74-9CB8-4e3c-9914-7DD559B7A417}" name="N:" status="N:" image="1" changed="2024-06-05 12:03:05" uid="{33EE8AFB-5F7E-4439-876E-784D033ADBA8}" userContext="1" bypassErrors="1"><Properties action="R" thisDrive="SHOW" allDrives="SHOW" userName="" path="\\WINSERV\Recherche_Developpement$" label="Dossiers R&amp;D" persistent="1" useLetter="1" letter="N"/><Filters><FilterGroup bool="AND" not="0" name="PHARMGREEN\GRP_U_Recherche_Developpement" sid="S-1-5-21-3577228347-813851686-2838426286-3354" userContext="1" primaryGroup="0" localGroup="0"/></Filters></Drive>
	<Drive clsid="{935D1B74-9CB8-4e3c-9914-7DD559B7A417}" name="M:" status="M:" image="1" changed="2024-06-05 14:17:24" uid="{26AEC148-D14B-4108-A049-A3808F73039E}" userContext="1" bypassErrors="1"><Properties action="R" thisDrive="SHOW" allDrives="SHOW" userName="" path="\\WINSERV\Innovation_Strategie$" label="Dossiers Innovationet Strategie" persistent="1" useLetter="1" letter="M"/><Filters><FilterGroup bool="AND" not="0" name="PHARMGREEN\GRP_U_Innovation_Strategie" sid="S-1-5-21-3577228347-813851686-2838426286-3355" userContext="1" primaryGroup="0" localGroup="0"/></Filters></Drive>
	<Drive clsid="{935D1B74-9CB8-4e3c-9914-7DD559B7A417}" name="M:" status="M:" image="1" changed="2024-06-05 14:18:38" uid="{C2E6927D-EF1D-4BD6-91BE-D9C34F036E12}" userContext="1" bypassErrors="1"><Properties action="R" thisDrive="SHOW" allDrives="SHOW" userName="" path="\\WINSERV\Laboratoire$" label="Dossiers Laboratoire" persistent="1" useLetter="1" letter="M"/><Filters><FilterGroup bool="AND" not="0" name="PHARMGREEN\GRP_U_Laboratoire" sid="S-1-5-21-3577228347-813851686-2838426286-3358" userContext="1" primaryGroup="0" localGroup="0"/></Filters></Drive>
</Drives>
