<BackupInst xmlns="http://www.microsoft.com/GroupPolicy/GPOOperations/Manifest"><GPOGuid><![CDATA[{40CCC225-3F05-4E9E-8EF4-5AAF61A8D414}]]></GPOGuid><GPODomain><![CDATA[pharmgreen.org]]></GPODomain><GPODomainGuid><![CDATA[{30a9b849-5fce-4bec-afa0-5949f5a7e37f}]]></GPODomainGuid><GPODomainController><![CDATA[WINSERV.pharmgreen.org]]></GPODomainController><BackupTime><![CDATA[2024-06-07T06:29:19]]></BackupTime><ID><![CDATA[{B800F931-B92C-4396-A884-C147ED01CFF5}]]></ID><Comment><![CDATA[backup 07/06/24]]></Comment><GPODisplayName><![CDATA[GPO_C_Restriction_Software]]></GPODisplayName></BackupInst>
