<BackupInst xmlns="http://www.microsoft.com/GroupPolicy/GPOOperations/Manifest"><GPOGuid><![CDATA[{BD846E6A-2105-400D-B8E1-76F6979BC5C8}]]></GPOGuid><GPODomain><![CDATA[pharmgreen.org]]></GPODomain><GPODomainGuid><![CDATA[{30a9b849-5fce-4bec-afa0-5949f5a7e37f}]]></GPODomainGuid><GPODomainController><![CDATA[WINSERV.pharmgreen.org]]></GPODomainController><BackupTime><![CDATA[2024-06-24T09:19:54]]></BackupTime><ID><![CDATA[{AB01C329-C618-42B9-8DF4-2B1A443037EC}]]></ID><Comment><![CDATA[]]></Comment><GPODisplayName><![CDATA[GPO_Mappage_Dossier_Dept_SI]]></GPODisplayName></BackupInst>
