<BackupInst xmlns="http://www.microsoft.com/GroupPolicy/GPOOperations/Manifest"><GPOGuid><![CDATA[{40CCC225-3F05-4E9E-8EF4-5AAF61A8D414}]]></GPOGuid><GPODomain><![CDATA[pharmgreen.org]]></GPODomain><GPODomainGuid><![CDATA[{30a9b849-5fce-4bec-afa0-5949f5a7e37f}]]></GPODomainGuid><GPODomainController><![CDATA[WINSERV.pharmgreen.org]]></GPODomainController><BackupTime><![CDATA[2024-06-24T09:19:52]]></BackupTime><ID><![CDATA[{6BEB5EA2-AC98-445F-A874-7153087DD47B}]]></ID><Comment><![CDATA[]]></Comment><GPODisplayName><![CDATA[GPO_C_Restriction_Software]]></GPODisplayName></BackupInst>
