<?xml version="1.0" encoding="utf-8"?>
<Drives clsid="{8FDDCC1A-0C3C-43cd-A6B4-71A6DF20DA8C}"><Drive clsid="{935D1B74-9CB8-4e3c-9914-7DD559B7A417}" name="N:" status="N:" image="1" changed="2024-06-05 11:53:09" uid="{534966C7-EAC0-4BC7-A6AF-AE4D383F3C16}" userContext="1" bypassErrors="1"><Properties action="R" thisDrive="SHOW" allDrives="SHOW" userName="" path="\\Winserv\Direction_Marketing$" label="Dossiers Marketing" persistent="1" useLetter="1" letter="N"/><Filters><FilterGroup bool="AND" not="0" name="PHARMGREEN\GRP_U_Direction_Marketing" sid="S-1-5-21-3577228347-813851686-2838426286-3334" userContext="1" primaryGroup="0" localGroup="0"/></Filters></Drive>
	<Drive clsid="{935D1B74-9CB8-4e3c-9914-7DD559B7A417}" name="M:" status="M:" image="1" changed="2024-06-12 12:44:02" uid="{2BA82724-99DC-402B-AE48-EF73064944A3}" userContext="1" bypassErrors="1"><Properties action="R" thisDrive="SHOW" allDrives="SHOW" userName="" path="\\Winserv\Marketing_Digital$" label="Dossiers E-Marketing" persistent="1" useLetter="1" letter="M"/><Filters><FilterGroup bool="AND" not="0" name="PHARMGREEN\GRP_U_Emarketing" sid="S-1-5-21-3577228347-813851686-2838426286-4089" userContext="1" primaryGroup="0" localGroup="0"/></Filters></Drive>
	<Drive clsid="{935D1B74-9CB8-4e3c-9914-7DD559B7A417}" name="M:" status="M:" image="1" changed="2024-06-05 14:14:32" uid="{237026CF-4428-4C2C-BF81-5D64F6D34ACF}" userContext="1" bypassErrors="1"><Properties action="R" thisDrive="SHOW" allDrives="SHOW" userName="" path="\\Winserv\Marketing_Operationnel$" label="Dossiers Marketing Operationnel" persistent="1" useLetter="1" letter="M"/><Filters><FilterGroup bool="AND" not="0" name="PHARMGREEN\GRP_U_Marketing_Operationnel" sid="S-1-5-21-3577228347-813851686-2838426286-4094" userContext="1" primaryGroup="0" localGroup="0"/></Filters></Drive>
	<Drive clsid="{935D1B74-9CB8-4e3c-9914-7DD559B7A417}" name="M:" status="M:" image="1" changed="2024-06-05 14:15:02" uid="{7CA661C6-3B1A-4950-B62B-6704D736390B}" userContext="1" bypassErrors="1"><Properties action="R" thisDrive="SHOW" allDrives="SHOW" userName="" path="\\Winserv\Marketing_Produit$" label="Dossiers Marketing Produit" persistent="1" useLetter="1" letter="M"/><Filters><FilterGroup bool="AND" not="0" name="PHARMGREEN\GRP_U_Marketing_Produit" sid="S-1-5-21-3577228347-813851686-2838426286-4100" userContext="1" primaryGroup="0" localGroup="0"/></Filters></Drive>
	<Drive clsid="{935D1B74-9CB8-4e3c-9914-7DD559B7A417}" name="M:" status="M:" image="1" changed="2024-06-05 14:15:39" uid="{09D1257F-A193-4566-866F-7EDE5FC0EB71}" userContext="1" bypassErrors="1"><Properties action="R" thisDrive="SHOW" allDrives="SHOW" userName="" path="\\Winserv\Marketing_Strategique$" label="Dossiers Marketing Stratégique" persistent="1" useLetter="1" letter="M"/><Filters><FilterGroup bool="AND" not="0" name="PHARMGREEN\GRP_U_Marketing_Strategique" sid="S-1-5-21-3577228347-813851686-2838426286-4104" userContext="1" primaryGroup="0" localGroup="0"/></Filters></Drive>
</Drives>
