<?xml version="1.0" encoding="utf-8"?>
<Groups clsid="{3125E937-EB16-4b4c-9934-544FC6D24D26}"><Group clsid="{6D4A79E4-529C-4481-ABD0-F5BD7EA93BA7}" name="Administrateurs" image="2" changed="2024-06-06 09:35:57" uid="{DCDA4A22-F64F-458D-9D5B-935A747BC1C1}"><Properties action="U" newName="" description="" deleteAllUsers="1" deleteAllGroups="1" removeAccounts="0" groupName="Administrateurs"><Members><Member name="PHARMGREEN\GRP_S_Admin_PC" action="ADD" sid="S-1-5-21-3577228347-813851686-2838426286-5489"/><Member name="PHARMGREEN\Administrator" action="ADD" sid="S-1-5-21-3577228347-813851686-2838426286-500"/><Member name="Administrateur" action="ADD" sid=""/></Members></Properties></Group>
</Groups>
