<?xml version="1.0" encoding="utf-8"?>
<Drives clsid="{8FDDCC1A-0C3C-43cd-A6B4-71A6DF20DA8C}"><Drive clsid="{935D1B74-9CB8-4e3c-9914-7DD559B7A417}" name="N:" status="N:" image="1" changed="2024-06-05 20:38:24" uid="{4DDB5A77-2C4E-4B6E-A8E3-A162FA4BA8D6}" userContext="1" bypassErrors="1"><Properties action="R" thisDrive="SHOW" allDrives="SHOW" userName="" path="\\WINSERV\Ventes_Developpement_Commercial$" label="Dossiers Ventes Dev Commerce" persistent="1" useLetter="1" letter="N"/><Filters><FilterGroup bool="AND" not="0" name="PHARMGREEN\GRP_U_Ventes_Developpement_Commercial" sid="S-1-5-21-3577228347-813851686-2838426286-3394" userContext="1" primaryGroup="0" localGroup="0"/></Filters></Drive>
	<Drive clsid="{935D1B74-9CB8-4e3c-9914-7DD559B7A417}" name="M:" status="M:" image="1" changed="2024-06-05 14:36:35" uid="{F0AF7DE1-E4A1-411E-8A58-C6F216B230CD}" userContext="1" bypassErrors="1"><Properties action="R" thisDrive="SHOW" allDrives="SHOW" userName="" path="\\WINSERV\ADV$" label="Dossiers ADV" persistent="1" useLetter="1" letter="M"/><Filters><FilterGroup bool="AND" not="0" name="PHARMGREEN\GRP_U_ADV" sid="S-1-5-21-3577228347-813851686-2838426286-3395" userContext="1" primaryGroup="0" localGroup="0"/></Filters></Drive>
	<Drive clsid="{935D1B74-9CB8-4e3c-9914-7DD559B7A417}" name="M:" status="M:" image="1" changed="2024-06-05 14:37:18" uid="{152A4418-A592-4C2E-9410-B1588636238D}" userContext="1" bypassErrors="1"><Properties action="R" thisDrive="SHOW" allDrives="SHOW" userName="" path="\\WINSERV\B2B$" label="Dossiers B2B" persistent="1" useLetter="1" letter="M"/><Filters><FilterGroup bool="AND" not="0" name="PHARMGREEN\GRP_U_B2B" sid="S-1-5-21-3577228347-813851686-2838426286-3398" userContext="1" primaryGroup="0" localGroup="0"/></Filters></Drive>
	<Drive clsid="{935D1B74-9CB8-4e3c-9914-7DD559B7A417}" name="M:" status="M:" image="1" changed="2024-06-05 14:37:57" uid="{AADB3D3D-CB8E-4ED4-B342-6523A0194878}" userContext="1" bypassErrors="1"><Properties action="R" thisDrive="SHOW" allDrives="SHOW" userName="" path="\\WINSERV\B2C$" label="Dossiers B2C" persistent="1" useLetter="1" letter="M"/><Filters><FilterGroup bool="AND" not="0" name="PHARMGREEN\GRP_U_B2C" sid="S-1-5-21-3577228347-813851686-2838426286-3401" userContext="1" primaryGroup="0" localGroup="0"/></Filters></Drive>
	<Drive clsid="{935D1B74-9CB8-4e3c-9914-7DD559B7A417}" name="M:" status="M:" image="1" changed="2024-06-05 20:33:40" uid="{2F7825D9-F74C-40D1-9567-FD0CE13407F2}" userContext="1" bypassErrors="1"><Properties action="R" thisDrive="SHOW" allDrives="SHOW" userName="" path="\\WINSERV\Developpement_Internationnal$" label="Dossiers Dev Internationnal" persistent="1" useLetter="1" letter="M"/><Filters><FilterGroup bool="AND" not="0" name="PHARMGREEN\GRP_U_Developpement_Internationnal" sid="S-1-5-21-3577228347-813851686-2838426286-3404" userContext="1" primaryGroup="0" localGroup="0"/></Filters></Drive>
	<Drive clsid="{935D1B74-9CB8-4e3c-9914-7DD559B7A417}" name="M:" status="M:" image="1" changed="2024-06-05 20:33:36" uid="{785D6552-0668-4770-BC61-0A22C5B6644B}" userContext="1" bypassErrors="1"><Properties action="R" thisDrive="SHOW" allDrives="SHOW" userName="" path="\\WINSERV\Grands_Comptes$" label="Dossiers Grands Comptes" persistent="1" useLetter="1" letter="M"/><Filters><FilterGroup bool="AND" not="0" name="PHARMGREEN\GRP_U_Grands_Comptes" sid="S-1-5-21-3577228347-813851686-2838426286-3407" userContext="1" primaryGroup="0" localGroup="0"/></Filters></Drive>
	<Drive clsid="{935D1B74-9CB8-4e3c-9914-7DD559B7A417}" name="M:" status="M:" image="1" changed="2024-06-05 20:33:46" uid="{9ED98FA1-209C-4154-83E9-3BCCEAE7211E}" userContext="1" bypassErrors="1"><Properties action="R" thisDrive="SHOW" allDrives="SHOW" userName="" path="\\WINSERV\Service_Achat$" label="Dossiers Service Achat" persistent="1" useLetter="1" letter="M"/><Filters><FilterGroup bool="AND" not="0" name="PHARMGREEN\GRP_U_Service_Achat" sid="S-1-5-21-3577228347-813851686-2838426286-3410" userContext="1" primaryGroup="0" localGroup="0"/></Filters></Drive>
	<Drive clsid="{935D1B74-9CB8-4e3c-9914-7DD559B7A417}" name="M:" status="M:" image="1" changed="2024-06-05 14:41:33" uid="{365E60E9-676B-4E44-A031-A53E7A85932F}" userContext="1" bypassErrors="1"><Properties action="R" thisDrive="SHOW" allDrives="SHOW" userName="" path="\\WINSERV\Service_Client$" label="Dossiers Service Client" persistent="1" useLetter="1" letter="M"/><Filters><FilterGroup bool="AND" not="0" name="PHARMGREEN\GRP_U_Service_Client" sid="S-1-5-21-3577228347-813851686-2838426286-3413" userContext="1" primaryGroup="0" localGroup="0"/></Filters></Drive>
</Drives>
