<BackupInst xmlns="http://www.microsoft.com/GroupPolicy/GPOOperations/Manifest"><GPOGuid><![CDATA[{BBF04C84-09B4-4554-A9DF-2C469E8C62B7}]]></GPOGuid><GPODomain><![CDATA[pharmgreen.org]]></GPODomain><GPODomainGuid><![CDATA[{30a9b849-5fce-4bec-afa0-5949f5a7e37f}]]></GPODomainGuid><GPODomainController><![CDATA[WINSERV.pharmgreen.org]]></GPODomainController><BackupTime><![CDATA[2024-06-28T06:50:13]]></BackupTime><ID><![CDATA[{3961D27D-2528-460E-929D-A3038026A667}]]></ID><Comment><![CDATA[backup 28062024]]></Comment><GPODisplayName><![CDATA[GPO_Mappage_Dossier_Dept_RD]]></GPODisplayName></BackupInst>
