"Prénom","Nom","Société","Site","Département","Service","fonction","Manager - prénom","Manager - nom","PC","Date de naissance","Téléphone fixe","Téléphone portable","Nomadisme - Télétravail","Groupe_Fonction_User","Groupe_Fonction_Computer"
"Adrian","Schultz","Pharmgreen","Lyon","Communication","Relation_Publique_Presse","Chargé de presse","Valentina","Ferrari","PC-PI-0001","31/05/1998","0440987654","0796563135","non","GRP_U_Charge_Presse","GRP_C_Charge_Presse"
"Ahmed","Khalid","Pharmgreen","Lyon","Recherche_Developpement","Innovation_Strategie","Chercheur","Sofia","Rodriguez","PC-PI-0002","11/08/1990","0421098765","-","non","GRP_U_Chercheur","GRP_C_Chercheur"
"Aisha","Abdullah","Pharmgreen","Lyon","Recherche_Developpement","Innovation_Strategie","Chercheur","Sofia","Rodriguez","PC-PI-0003","09/10/1983","0476543210","-","non","GRP_U_Chercheur","GRP_C_Chercheur"
"Alejandro","Gomez","Pharmgreen","Lyon","Recherche_Developpement","Laboratoire","Laborantin","Nora","AlHassan","PC-PI-0004","30/12/1995","0445678901","-","non","GRP_U_Laborantin","GRP_C_Laborantin"
"Alexandre","Chevalier","Pharmgreen","Lyon","Communication","Relation_Publique_Presse","Responsable relation média","Valentina","Ferrari","PC-PI-0005","06/02/1972","0456789012","0776144596","non","GRP_U_Responsable_Relation_Media","GRP_C_Responsable_Relation_Media"
"Alexandre","Roux","Pharmgreen","Lyon","Ventes_Developpement_Commercial","Service_Client","Responsable Service Client","Sarah","Durand","PC-PI-0006","05/09/1993","0421098765","0730476005","non","GRP_U_Responsable_Service_Client","GRP_C_Responsable_Service_Client"
"Alice","Martin","Pharmgreen","Lyon","Ventes_Developpement_Commercial","B2B","Commercial","Elena","Robert","PC-PI-0007","04/05/1989","0456789012","0792624936","oui","GRP_U_Commercial_B2B","GRP_C_Commercial_B2B"
"Alice","Moreau","Pharmgreen","Lyon","Ventes_Developpement_Commercial","Developpement_Internationnal","Commercial","Sarah","Durand","PC-PI-0008","14/03/1976","0432109876","0737563611","oui","GRP_U_Commercial_DI","GRP_C_Commercial_DI"
"Alice","Perrin","Pharmgreen","Lyon","Communication","Relation_Publique_Presse","Chargé de communication","Valentina","Ferrari","PC-PI-0009","13/02/2000","0443210987","0767977011","non","GRP_U_Charge_Communication","GRP_C_Charge_Communication"
"Amaury","Meyer","Pharmgreen","Lyon","Direction_Marketing","Marketing_Strategique","Chef de produit stratégique","Brigitte","Lucas","PC-PI-0010","02/02/2000","0412345678","0669097724","non","GRP_U_Chef_Produit_Strategique","GRP_C_Chef_Produit_Strategique"
"Amelia","Smith","Pharmgreen","Lyon","Services_Generaux","Logistique","Agent logistique","Julien","Marie","PC-PI-0011","17/12/1970","0456789012","0686930017","non","GRP_U_Agent_logistique","GRP_C_Agent_logistique"
"Anais","Fontaine","Pharmgreen","Lyon","Direction_Financiere","Controle_Gestion","Contrôleur de gestion","Aurelie","Petit","PC-PI-0012","02/01/1996","0445678901","-","non","GRP_U_Controleur_Gestion","GRP_C_Controleur_Gestion"
"Andrea","Marton","Pharmgreen","Lyon","Ventes_Developpement_Commercial","B2B","Commercial","Elena","Robert","PC-PI-0013","22/12/1995","0445678901","0685410356","oui","GRP_U_Commercial_B2B","GRP_C_Commercial_B2B"
"Antoine","Lambert","Pharmgreen","Lyon","Ventes_Developpement_Commercial","ADV","Gestionnaire ADV","Louis","Laurent","PC-PI-0014","17/03/1990","0487654321","0602772816","non","GRP_U_Gestionnaire_ADV","GRP_C_Gestionnaire_ADV"
"Antoine","Poirier","Pharmgreen","Lyon","Direction_Ressources_Humaines","Service_Recrutement","Recruteur RH","Kelly","Arnaud","PC-PI-0015","04/04/1993","0434567890","-","non","GRP_U_Recruteur_RH","GRP_C_Recruteur_RH"
"Ariane","Kaine","Kamera","Lyon","Communication","Publicite","Caméraman","Valentina","Ferrari","PC-PE-0001","21/07/1998","-","-","-","GRP_U_Cameraman","GRP_C_Cameraman"
"Arjun","Singh","Pharmgreen","Lyon","Services_Generaux","Gestion_Immobiliere","Gestionnaire immobilier","Julien","Marie","PC-PI-0016","23/07/1982","0456789012","-","non","GRP_U_Gestionnaire_immobilier","GRP_C_Gestionnaire_immobilier"
"Aurelie","Petit","Pharmgreen","Lyon","Direction_Financiere","Finance","DAF","Gilles","Faure","PC-PI-0017","04/02/1991","0476543210","0755275775","non","GRP_U_DAF","GRP_C_DAF"
"Aya","Patel","Pharmgreen","Lyon","Recherche_Developpement","Innovation_Strategie","Chercheur","Sofia","Rodriguez","PC-PI-0018","28/08/1974","0434567890","-","non","GRP_U_Chercheur","GRP_C_Chercheur"
"Baptiste","Gros","Pharmgreen","Lyon","Services_Generaux","Logistique","Agent logistique","Julien","Marie","PC-PI-0019","02/10/1989","0412345678","0764635179","non","GRP_U_Agent_logistique","GRP_C_Agent_logistique"
"Beatrice","Bonnet","Pharmgreen","Lyon","Systemes_Information","Developpement_Logiciel","Développeur","Tina","LeHecourt","PC-PI-0020","20/10/1999","0421098765","-","non","GRP_U_Developpeur","GRP_C_Developpeur"
"Brigitte","Lucas","Pharmgreen","Lyon","Direction_Marketing","Marketing_Strategique","Directeur Marketing Stratégique","Gilles","Faure","PC-PI-0021","16/04/2000","0412345678","0798083548","non","GRP_U_Direction_Marketing_Strategique","GRP_C_Direction_Marketing_Strategique"
"Camille","Fournier","Pharmgreen","Lyon","Ventes_Developpement_Commercial","ADV","Gestionnaire ADV","Louis","Laurent","PC-PI-0022","20/09/1970","0456789012","0705492767","non","GRP_U_Gestionnaire_ADV","GRP_C_Gestionnaire_ADV"
"Carlos","Alvarez","Pharmgreen","Lyon","Communication","Relation_Publique_Presse","Chargé en droit de la communication","Valentina","Ferrari","PC-PI-0023","07/03/1984","0412345678","0617625864","non","GRP_U_Charge_Droit_Communication","GRP_C_Charge_Droit_Communication"
"Cedric","Caron","Pharmgreen","Lyon","Direction_Ressources_Humaines","Gestion_Performances","Agent RH","Kelly","Arnaud","PC-PI-0024","21/12/1998","0456789012","-","non","GRP_U_Agent_RH_GP","GRP_C_Agent_RH_GP"
"Chang","Li","Pharmgreen","Lyon","Recherche_Developpement","Innovation_Strategie","Chercheur","Sofia","Rodriguez","PC-PI-0025","26/05/1977","0434567890","-","non","GRP_U_Chercheur","GRP_C_Chercheur"
"Charles","Fernandez","Pharmgreen","Lyon","Direction_Marketing","Marketing_Operationnel","Chargé de promotion","Justine","Gallet","PC-PI-0026","26/07/1972","0423456789","0632850032","non","GRP_U_Charge_Promotion","GRP_C_Charge_Promotion"
"Charlotte","Prevost","Pharmgreen","Lyon","Services_Generaux","Logistique","Agent logistique","Julien","Marie","PC-PI-0027","08/03/1970","0421098765","0702281809","non","GRP_U_Agent_logistique","GRP_C_Agent_logistique"
"Charlotte","Giroux","Pharmgreen","Lyon","Communication","Publicite","Webmaster","Valentina","Ferrari","PC-PI-0028","14/02/1980","0434567890","0776098470","non","GRP_U_Webmaster","GRP_C_Webmaster"
"Chloe","Bernard","Pharmgreen","Lyon","Ventes_Developpement_Commercial","Developpement_Internationnal","Commercial","Sarah","Durand","PC-PI-0029","05/02/1988","0456789012","0631423219","oui","GRP_U_Commercial_DI","GRP_C_Commercial_DI"
"Clara","Dubois","Pharmgreen","Lyon","Ventes_Developpement_Commercial","B2B","Commercial","Elena","Robert","PC-PI-0030","30/03/1991","0476543210","0611551242","oui","GRP_U_Commercial_B2B","GRP_C_Commercial_B2B"
"Cyril","Francois","Pharmgreen","Lyon","Systemes_Information","Developpement_Logiciel","Développeur","Tina","LeHecourt","PC-PI-0031","31/01/1989","0487654321","-","non","GRP_U_Developpeur","GRP_C_Developpeur"
"Danielle","Carpentier","Pharmgreen","Lyon","Direction_Marketing","Marketing_Operationnel","Chargé de promotion","Justine","Gallet","PC-PI-0032","08/07/1974","0467890123","0674484733","non","GRP_U_Charge_Promotion","GRP_C_Charge_Promotion"
"David","Thomas","Pharmgreen","Lyon","Ventes_Developpement_Commercial","B2B","Commercial","Elena","Robert","PC-PI-0033","30/12/1989","0467890123","0611737329","oui","GRP_U_Commercial_B2B","GRP_C_Commercial_B2B"
"Delphine","Boucher","Pharmgreen","Lyon","Direction_Ressources_Humaines","Gestion_Performances","Agent RH","Kelly","Arnaud","PC-PI-0034","14/11/1998","0434567890","-","non","GRP_U_Agent_RH_GP","GRP_C_Agent_RH_GP"
"Dmitri","Orlov","Pharmgreen","Lyon","Ventes_Developpement_Commercial","Service_Achat","Acheteur","Oliver","Johnson","PC-PI-0035","12/07/1982","0432109876","0665247366","non","GRP_U_Acheteur","GRP_C_Acheteur"
"Edouard","Boulanger","Pharmgreen","Lyon","Direction_Marketing","Marketing_Operationnel","Chargé de promotion","Justine","Gallet","PC-PI-0036","15/03/1988","0476543210","0699850248","non","GRP_U_Charge_Promotion","GRP_C_Charge_Promotion"
"Elena","Robert","Pharmgreen","Lyon","Ventes_Developpement_Commercial","B2B","Responsable B2B","Sarah","Durand","PC-PI-0037","06/01/1990","0487654321","0635656037","oui","GRP_U_Responsable_B2B","GRP_C_Responsable_B2B"
"Elena","Ivanova","Pharmgreen","Lyon","Services_Generaux","Gestion_Immobiliere","Gestionnaire immobilier","Julien","Marie","PC-PI-0038","09/12/1992","0445678901","-","non","GRP_U_Gestionnaire_immobilier","GRP_C_Gestionnaire_immobilier"
"Elise","Francois","Pharmgreen","Lyon","Ventes_Developpement_Commercial","ADV","Gestionnaire ADV","Louis","Laurent","PC-PI-0039","03/03/1995","0487654321","0701519889","non","GRP_U_Gestionnaire_ADV","GRP_C_Gestionnaire_ADV"
"Elodie","Boucher","Pharmgreen","Lyon","Communication","Publicite","Publicitaire","Valentina","Ferrari","PC-PI-0040","24/04/1993","0412345678","0682347056","non","GRP_U_Publicitaire","GRP_C_Publicitaire"
"Emile","Legrand","Pharmgreen","Lyon","Direction_Generale","NA","Directeur adjoint","Gilles","Faure","PC-PI-0041","01/08/1981","0440987654","0668784704","non","GRP_U_Directeur_Adjoint","GRP_C_Directeur_Adjoint"
"Emma","Dupont","Pharmgreen","Lyon","Ventes_Developpement_Commercial","Grands_Comptes","Commercial","Melanie","Lefebvre","PC-PI-0042","18/06/1987","0487654321","0710917834","oui","GRP_U_Commercial_GC","GRP_C_Commercial_GC"
"Esteban","Lomez","Pharmgreen","Lyon","Ventes_Developpement_Commercial","B2B","Commercial","Elena","Robert","PC-PI-0043","30/08/1976","0423456789","0778840637","oui","GRP_U_Commercial_B2B","GRP_C_Commercial_B2B"
"Estelle","Dubois","Pharmgreen","Lyon","Direction_Financiere","Service_Comptabilite","Comptable","Aurelie","Petit","PC-PI-0044","24/01/1985","0456789012","-","non","GRP_U_Comptable","GRP_C_Comptable"
"Etienne","Brun","Pharmgreen","Lyon","Direction_Ressources_Humaines","Gestion_Performances","Agent RH","Kelly","Arnaud","PC-PI-0045","12/02/1992","0412345678","-","non","GRP_U_Agent_RH_GP","GRP_C_Agent_RH_GP"
"Eva","Meyer","Pharmgreen","Lyon","Direction_Financiere","Controle_Gestion","Contrôleur de gestion","Aurelie","Petit","PC-PI-0046","03/04/1990","0434567890","-","non","GRP_U_Controleur_Gestion","GRP_C_Controleur_Gestion"
"Fabien","Richard","Pharmgreen","Lyon","Ventes_Developpement_Commercial","B2C","Commercial","Karine","Simon","PC-PI-0047","25/01/1994","0412345678","0625993239","oui","GRP_U_Commercial_B2C","GRP_C_Commercial_B2C"
"Fanny","Garnier","Pharmgreen","Lyon","Direction_Generale","NA","Assistant de direction","Gilles","Faure","PC-PI-0048","24/01/1973","0412345678","0612078045","non","GRP_U_Assistant_Direction","GRP_C_Assistant_Direction"
"Fatima","Zahra","Pharmgreen","Lyon","Ventes_Developpement_Commercial","Service_Achat","Acheteur","Oliver","Johnson","PC-PI-0049","21/06/1978","0445678901","0698997028","non","GRP_U_Acheteur","GRP_C_Acheteur"
"Felix","Hoffmann","Pharmgreen","Lyon","Communication","Publicite","Designer graphique","Valentina","Ferrari","PC-PI-0050","24/09/1985","0423456789","0757867820","non","GRP_U_Designer_Graphique","GRP_C_Designer_Graphique"
"Flore","Leclercq","Pharmgreen","Lyon","Direction_Marketing","Marketing_Operationnel","Chef de projet","Justine","Gallet","PC-PI-0051","24/01/1985","0432109876","0629601834","non","GRP_U_Chef_Projet","GRP_C_Chef_Projet"
"Gabriel","Mercier","Pharmgreen","Lyon","Direction_Financiere","Finance","Analyste financier","Aurelie","Petit","PC-PI-0052","29/06/1987","0412345678","-","non","GRP_U_Analyste_Financier","GRP_C_Analyste_Financier"
"Gabrielle","Petit","Pharmgreen","Lyon","Ventes_Developpement_Commercial","B2C","Commercial","Karine","Simon","PC-PI-0053","08/06/1984","0476543210","0752201129","oui","GRP_U_Commercial_B2C","GRP_C_Commercial_B2C"
"Genevieve","Giraud","Pharmgreen","Lyon","Direction_Ressources_Humaines","Gestion_Performances","Agent RH","Kelly","Arnaud","PC-PI-0054","23/03/1978","0421098765","-","non","GRP_U_Agent_RH_GP","GRP_C_Agent_RH_GP"
"Gilles","Faure","Pharmgreen","Lyon","Direction_Generale","NA","CEO","","","PC-PI-0055","26/05/1970","0421098765","0702448459","non","GRP_U_CEO","GRP_C_CEO"
"Giovanni","Moretti","Pharmgreen","Lyon","Communication","Publicite","Publicitaire","Valentina","Ferrari","PC-PI-0056","13/05/1999","0432109876","0771068451","non","GRP_U_Publicitaire","GRP_C_Publicitaire"
"Hassan","Liffite","Pharmgreen","Lyon","Systemes_Information","Data","Data scientist","Tina","LeHecourt","PC-PI-0057","13/09/1995","0467890123","-","non","GRP_U_Data_Scientist","GRP_C_Data_Scientist"
"Helene","Rousseau","Pharmgreen","Lyon","Direction_Generale","NA","Assistant de direction","Gilles","Faure","PC-PI-0058","05/04/1974","0432109876","0798576239","non","GRP_U_Assistant_Direction","GRP_C_Assistant_Direction"
"Henri","Joly","Pharmgreen","Lyon","Direction_Ressources_Humaines","Gestion_Performances","Agent RH","Kelly","Arnaud","PC-PI-0059","10/03/1974","0423456789","-","non","GRP_U_Agent_RH_GP","GRP_C_Agent_RH_GP"
"Henri","Lambert","Pharmgreen","Lyon","Communication","Publicite","photographe","Valentina","Ferrari","PC-PI-0060","12/01/1998","0421098765","0733857081","non","GRP_U_Photographe","GRP_C_Photographe"
"Hiroto","Takahashi","Pharmgreen","Lyon","Services_Generaux","Logistique","Agent logistique","Julien","Marie","PC-PI-0061","31/08/1975","0487654321","0603807402","non","GRP_U_Agent_logistique","GRP_C_Agent_logistique"
"Hortense","Morvan","Pharmgreen","Lyon","Direction_Marketing","Marketing_Operationnel","Assistant marketing","Justine","Gallet","PC-PI-0062","14/08/1975","0434567890","0793763664","non","GRP_U_Assistant_Marketing","GRP_C_Assistant_Marketing"
"Hugo","Durand","Pharmgreen","Lyon","Ventes_Developpement_Commercial","B2C","Commercial","Karine","Simon","PC-PI-0063","13/01/1974","0445678901","0676900215","oui","GRP_U_Commercial_B2C","GRP_C_Commercial_B2C"
"Hugo","Leroy","Pharmgreen","Lyon","Ventes_Developpement_Commercial","Developpement_Internationnal","Commercial","Sarah","Durand","PC-PI-0064","21/10/1995","0421098765","0799311104","oui","GRP_U_Commercial_DI","GRP_C_Commercial_DI"
"Ibrahim","Lebn","Pharmgreen","Lyon","Recherche_Developpement","Innovation_Strategie","Chercheur","Sofia","Rodriguez","PC-PI-0065","30/06/1973","0434567890","-","non","GRP_U_Chercheur","GRP_C_Chercheur"
"Igor","Lapierre","Pharmgreen","Lyon","Direction_Marketing","Marketing_Operationnel","Coordinateur Marketing","Justine","Gallet","PC-PI-0066","03/07/1975","0421098765","0787838091","non","GRP_U_Coordinateur_Marketing","GRP_C_Coordinateur_Marketing"
"Ines","Rex","Pharmgreen","Lyon","Recherche_Developpement","Innovation_Strategie","Chercheur","Sofia","Rodriguez","PC-PI-0067","15/04/1982","0487654321","-","non","GRP_U_Chercheur","GRP_C_Chercheur"
"Irene","Lemoine","Pharmgreen","Lyon","Direction_Ressources_Humaines","Gestion_Performances","Agent RH","Kelly","Arnaud","PC-PI-0068","06/04/1983","0476543210","-","non","GRP_U_Agent_RH_GP","GRP_C_Agent_RH_GP"
"Isabella","DaSilva","Pharmgreen","Lyon","Services_Generaux","Logistique","Agent logistique","Julien","Marie","PC-PI-0069","05/11/1976","0440987654","0766638327","non","GRP_U_Agent_logistique","GRP_C_Agent_logistique"
"Isabelle","Leroy","Pharmgreen","Lyon","Ventes_Developpement_Commercial","B2C","Commercial","Karine","Simon","PC-PI-0070","11/07/1982","0412345678","0635913014","oui","GRP_U_Commercial_B2C","GRP_C_Commercial_B2C"
"Jean","Maire","Kamera","Lyon","Communication","Publicite","Réalisateur","Valentina","Ferrari","PC-PE-0002","08/12/1987","-","0645220384","-","GRP_U_Realisateur","GRP_C_Realisateur"
"JeanPascal","Millith","Kamera","Lyon","Communication","Publicite","Ingénieur son","Valentina","Ferrari","PC-PE-0003","07/03/1997","-","-","-","GRP_U_Ingenieur_son","GRP_C_Ingenieur_son"
"Jeanpierre","Gadere","Pharmgreen","Lyon","Recherche_Developpement","Innovation_Strategie","Chercheur","Sofia","Rodriguez","PC-PI-0071","07/11/1988","0412345678","-","non","GRP_U_Chercheur","GRP_C_Chercheur"
"Jeremy","Lorrain","Pharmgreen","Lyon","Ventes_Developpement_Commercial","B2B","Commercial","Elena","Robert","PC-PI-0072","05/04/1979","0412345678","0788960245","oui","GRP_U_Commercial_B2B","GRP_C_Commercial_B2B"
"Jerome","Moreau","Pharmgreen","Lyon","Ventes_Developpement_Commercial","B2C","Commercial","Karine","Simon","PC-PI-0073","15/02/1981","0445678901","0743570154","oui","GRP_U_Commercial_B2C","GRP_C_Commercial_B2C"
"Jerome","Perrot","Pharmgreen","Lyon","Services_Generaux","Logistique","Agent logistique","Julien","Marie","PC-PI-0074","17/11/1980","0421098765","0734782819","non","GRP_U_Agent_logistique","GRP_C_Agent_logistique"
"Jessy","Lair","Pharmgreen","Lyon","Ventes_Developpement_Commercial","B2B","Commercial","Elena","Robert","PC-PI-0075","16/04/1971","0440987654","0633376803","oui","GRP_U_Commercial_B2B","GRP_C_Commercial_B2B"
"Jordan","Barbier","Pharmgreen","Lyon","Direction_Ressources_Humaines","Gestion_Performances","Agent RH","Kelly","Arnaud","PC-PI-0076","14/11/1970","0487654321","-","non","GRP_U_Agent_RH_GP","GRP_C_Agent_RH_GP"
"Juan","Hernandez","Pharmgreen","Lyon","Recherche_Developpement","Innovation_Strategie","Chercheur","Sofia","Rodriguez","PC-PI-0077","20/11/1987","0412345678","-","non","GRP_U_Chercheur","GRP_C_Chercheur"
"Julie","Garcia","Pharmgreen","Lyon","Ventes_Developpement_Commercial","ADV","Gestionnaire ADV","Louis","Laurent","PC-PI-0078","24/06/1976","0412345678","0686992516","non","GRP_U_Gestionnaire_ADV","GRP_C_Gestionnaire_ADV"
"Julien","Marie","Pharmgreen","Lyon","Services_Generaux","Logistique","Responsable Logistique","Aurelie","Petit","PC-PI-0079","11/09/1992","0476543210","0725806448","non","GRP_U_Responsable_Logistique","GRP_C_Responsable_Logistique"
"Juliette","Guerin","Pharmgreen","Lyon","Direction_Generale","NA","Secrétaire","Emile","Legrand","PC-PI-0080","19/03/1988","0487654321","0676933767","non","GRP_U_Secretaire","GRP_C_Secretaire"
"Juliette","Bonnet","Pharmgreen","Lyon","Ventes_Developpement_Commercial","ADV","Gestionnaire ADV","Louis","Laurent","PC-PI-0081","11/03/1983","0445678901","0768119524","non","GRP_U_Gestionnaire_ADV","GRP_C_Gestionnaire_ADV"
"Justine","Fontaine","Pharmgreen","Lyon","Direction_Financiere","Finance","Analyste financier","Aurelie","Petit","PC-PI-0082","10/12/1993","0467890123","-","non","GRP_U_Analyste_Financier","GRP_C_Analyste_Financier"
"Justine","Gallet","Pharmgreen","Lyon","Direction_Marketing","Marketing_Operationnel","Responsable Marketing Operationnel","Brigitte","Lucas","PC-PI-0083","14/09/1973","0434567890","0689838313","non","GRP_U_Responsable_Marketing_Operationnel","GRP_C_Responsable_Marketing_Operationnel"
"Kai","Chen","Pharmgreen","Lyon","Recherche_Developpement","Laboratoire","Laborantin","Nora","AlHassan","PC-PI-0084","30/12/1979","0456789012","-","non","GRP_U_Laborantin","GRP_C_Laborantin"
"Karine","Simon","Pharmgreen","Lyon","Ventes_Developpement_Commercial","B2C","Responsable B2C","Sarah","Durand","PC-PI-0085","09/08/1998","0421098765","0615375578","oui","GRP_U_Responsable_B2C","GRP_C_Responsable_B2C"
"Katya","Ivanov","Pharmgreen","Lyon","Recherche_Developpement","Innovation_Strategie","Chercheur","Sofia","Rodriguez","PC-PI-0086","05/07/1979","0434567890","-","non","GRP_U_Chercheur","GRP_C_Chercheur"
"Kelly","Arnaud","Pharmgreen","Lyon","Direction_Ressources_Humaines","NA","Directeur-Adjoint RH","Lionel","Marchand","PC-PI-0087","26/11/1988","0476543210","0770673819","non","GRP_U_Direction_Adjoint_RH","GRP_C_Direction_Adjoint_RH"
"Kevin","Muller","Pharmgreen","Lyon","Direction_Generale","NA","Assistant de direction","Emile","Legrand","PC-PI-0088","21/01/1974","0445678901","0632826644","non","GRP_U_Assistant_Direction","GRP_C_Assistant_Direction"
"Kylian","Chauvin","Pharmgreen","Lyon","Direction_Marketing","Marketing_Produit","Chef de produit","Paulette","Huet","PC-PI-0089","30/04/1991","0434567890","0735615585","non","GRP_U_Chef_Produit","GRP_C_Chef_Produit"
"Laura","David","Pharmgreen","Lyon","Ventes_Developpement_Commercial","B2B","Commercial","Elena","Robert","PC-PI-0090","22/03/1971","0440987654","0791275326","oui","GRP_U_Commercial_B2B","GRP_C_Commercial_B2B"
"Laure","Henry","Pharmgreen","Lyon","Direction_Generale","NA","Assistant de direction","Emile","Legrand","PC-PI-0091","17/04/1985","0412345678","0606523189","non","GRP_U_Assistant_Direction","GRP_C_Assistant_Direction"
"Lea","Michel","Pharmgreen","Lyon","Ventes_Developpement_Commercial","B2B","Commercial","Elena","Robert","PC-PI-0092","28/08/1979","0434567890","0612044334","oui","GRP_U_Commercial_B2B","GRP_C_Commercial_B2B"
"Lea","Gagnon","Pharmgreen","Lyon","Communication","Relation_Publique_Presse","Chargé de presse","Valentina","Ferrari","PC-PI-0093","16/08/1970","0445678901","0728712373","non","GRP_U_Charge_Presse","GRP_C_Charge_Presse"
"Leila","DaSilva","Pharmgreen","Lyon","Recherche_Developpement","Laboratoire","Laborantin","Nora","AlHassan","PC-PI-0094","18/06/1986","0476543210","-","non","GRP_U_Laborantin","GRP_C_Laborantin"
"Leon","Muller","Pharmgreen","Lyon","Direction_Financiere","Finance","Analyste financier","Aurelie","Petit","PC-PI-0095","21/03/1990","0476543210","-","non","GRP_U_Analyste_Financier","GRP_C_Analyste_Financier"
"Liam","OConnor","Pharmgreen","Lyon","Recherche_Developpement","Innovation_Strategie","Chercheur","Sofia","Rodriguez","PC-PI-0096","28/05/1979","0440987654","-","non","GRP_U_Chercheur","GRP_C_Chercheur"
"Libou","Khamin","Pharmgreen","Lyon","Ventes_Developpement_Commercial","B2B","Commercial","Elena","Robert","PC-PI-0097","16/08/1989","0432109876","0698556201","oui","GRP_U_Commercial_B2B","GRP_C_Commercial_B2B"
"Lionel","Marchand","Pharmgreen","Lyon","Direction_Ressources_Humaines","NA","Directeur RH","Gilles","Faure","PC-PI-0098","08/11/1989","0445678901","0689914715","non","GRP_U_Direction_RH","GRP_C_Direction_RH"
"Louis","Laurent","Pharmgreen","Lyon","Ventes_Developpement_Commercial","ADV","Responsable ADV","Sarah","Durand","PC-PI-0099","05/08/1976","0423456789","0668251481","non","GRP_U_Responsable_ADV","GRP_C_Responsable_ADV"
"Louis","Dupont","Pharmgreen","Lyon","Direction_Financiere","Controle_Gestion","Contrôleur de gestion","Aurelie","Petit","PC-PI-0100","10/09/1989","0423456789","-","non","GRP_U_Controleur_Gestion","GRP_C_Controleur_Gestion"
"Luca","Rizzo","Pharmgreen","Lyon","Communication","Publicite","Responsable publicité","Valentina","Ferrari","PC-PI-0101","12/09/1978","0487654321","0627924335","non","GRP_U_Responsable_Publicite","GRP_C_Responsable_Publicite"
"Lucas","Martin","Pharmgreen","Lyon","Ventes_Developpement_Commercial","Grands_Comptes","Commercial","Melanie","Lefebvre","PC-PI-0102","09/08/1986","0467890123","0634335136","oui","GRP_U_Commercial_GC","GRP_C_Commercial_GC"
"Luna","Garcia","Pharmgreen","Lyon","Ventes_Developpement_Commercial","Service_Achat","Acheteur","Oliver","Johnson","PC-PI-0103","05/12/1999","0434567890","0740080910","non","GRP_U_Acheteur","GRP_C_Acheteur"
"Manon","Vincent","Pharmgreen","Lyon","Ventes_Developpement_Commercial","Service_Client","Agent Client","Alexandre","Roux","PC-PI-0104","13/04/1974","0440987654","0749174856","non","GRP_U_Agent_Client","GRP_C_Agent_Client"
"Marc","RousselChateau","Pharmgreen","Lyon","Ventes_Developpement_Commercial","Service_Achat","Acheteur","Oliver","Johnson","PC-PI-0105","20/06/1985","0476543210","0704322288","non","GRP_U_Acheteur","GRP_C_Acheteur"
"Marco","Ricci","Pharmgreen","Lyon","Communication","Publicite","Publicitaire","Valentina","Ferrari","PC-PI-0106","30/07/1985","0445678901","0749269032","non","GRP_U_Publicitaire","GRP_C_Publicitaire"
"Maria","Garcia","Pharmgreen","Lyon","Recherche_Developpement","Innovation_Strategie","Chercheur","Sofia","Rodriguez","PC-PI-0107","02/03/1971","0412345678","-","non","GRP_U_Chercheur","GRP_C_Chercheur"
"Marie","Leroux","Pharmgreen","Lyon","Ventes_Developpement_Commercial","Service_Client","Agent Client","Alexandre","Roux","PC-PI-0108","06/06/1981","0456789012","0686781565","non","GRP_U_Agent_Client","GRP_C_Agent_Client"
"Mathieu","Morel","Pharmgreen","Lyon","Ventes_Developpement_Commercial","Service_Client","Agent Client","Alexandre","Roux","PC-PI-0109","15/05/1987","0412345678","0764889123","non","GRP_U_Agent_Client","GRP_C_Agent_Client"
"Mathieu","Roux","Pharmgreen","Lyon","Direction_Financiere","Service_Comptabilite","Comptable","Aurelie","Petit","PC-PI-0110","22/07/1998","0487654321","-","non","GRP_U_Comptable","GRP_C_Comptable"
"Maxime","Petit","Pharmgreen","Lyon","Ventes_Developpement_Commercial","Developpement_Internationnal","Commercial","Sarah","Durand","PC-PI-0111","14/07/1980","0434567890","0724827047","oui","GRP_U_Commercial_DI","GRP_C_Commercial_DI"
"Melanie","Lefebvre","Pharmgreen","Lyon","Ventes_Developpement_Commercial","Grands_Comptes","Responsable Grands Comptes","Sarah","Durand","PC-PI-0112","06/12/1973","0456789012","0779466973","oui","GRP_U_Responsable_Grands_Comptes","GRP_C_Responsable_Grands_Comptes"
"Mia","Heschklaesh","Pharmgreen","Lyon","Direction_Generale","NA","Secrétaire","Gilles","Faure","PC-PI-0113","24/06/1992","0456789012","0656297307","non","GRP_U_Secretaire","GRP_C_Secretaire"
"Mia","Nguyen","Pharmgreen","Lyon","Recherche_Developpement","Innovation_Strategie","Chercheur","Sofia","Rodriguez","PC-PI-0114","30/12/1978","0432109876","-","non","GRP_U_Chercheur","GRP_C_Chercheur"
"Mohamed","AlAmin","Pharmgreen","Lyon","Services_Generaux","Logistique","Agent logistique","Julien","Marie","PC-PI-0115","29/11/1998","0467890123","0604266370","non","GRP_U_Agent_logistique","GRP_C_Agent_logistique"
"Morgane","Palaiseau","Pharmgreen","Lyon","Direction_Financiere","Finance","Analyste financier","Aurelie","Petit","PC-PI-0116","01/11/1983","0412345678","-","non","GRP_U_Analyste_Financier","GRP_C_Analyste_Financier"
"Myriam","Aubert","Pharmgreen","Lyon","Direction_Ressources_Humaines","Formation","Formateur","Kelly","Arnaud","PC-PI-0117","25/06/1990","0421098765","0731355860","non","GRP_U_Formateur","GRP_C_Formateur"
"Natasha","Lereculey","Pharmgreen","Lyon","Recherche_Developpement","Innovation_Strategie","Chercheur","Sofia","Rodriguez","PC-PI-0118","23/09/1975","0421098765","-","non","GRP_U_Chercheur","GRP_C_Chercheur"
"Nathalie","Nicolas","Pharmgreen","Lyon","Service_Juridique","Contentieux","Juriste","Sophie","Clement","PC-PI-0119","14/07/1974","0421098765","-","non","GRP_U_Juriste_CTX","GRP_C_Juriste_CTX"
"Nathan","LeRouxBrochard","Pharmgreen","Lyon","Services_Generaux","Logistique","Agent logistique","Julien","Marie","PC-PI-0120","02/10/1989","0412345678","0630771729","non","GRP_U_Agent_logistique","GRP_C_Agent_logistique"
"Nicolas","Bertrand","Pharmgreen","Lyon","Ventes_Developpement_Commercial","ADV","Gestionnaire ADV","Louis","Laurent","PC-PI-0121","30/05/1991","0476543210","0785401077","non","GRP_U_Gestionnaire_ADV","GRP_C_Gestionnaire_ADV"
"Nina","Kovacevic","Pharmgreen","Lyon","Recherche_Developpement","Laboratoire","Laborantin","Nora","AlHassan","PC-PI-0122","20/04/1990","0412345678","-","non","GRP_U_Laborantin","GRP_C_Laborantin"
"Nina","Pichon","Pharmgreen","Lyon","Direction_Marketing","Marketing_Produit","Chef de produit","Paulette","Huet","PC-PI-0123","16/09/1980","0476543210","0613794690","non","GRP_U_Chef_Produit","GRP_C_Chef_Produit"
"Noah","Dumas","Pharmgreen","Lyon","Direction_Ressources_Humaines","Formation","Formateur","Kelly","Arnaud","PC-PI-0124","20/01/1975","0421098765","0681305279","non","GRP_U_Formateur","GRP_C_Formateur"
"Noemie","Lerocher","Pharmgreen","Lyon","Services_Generaux","Logistique","Agent logistique","Julien","Marie","PC-PI-0125","01/04/1999","0432109876","0698121096","non","GRP_U_Agent_logistique","GRP_C_Agent_logistique"
"Noemie","Pichon","Pharmgreen","Lyon","Communication","Publicite","Publicitaire","Valentina","Ferrari","PC-PI-0126","29/01/1978","0432109876","0789291227","non","GRP_U_Publicitaire","GRP_C_Publicitaire"
"Nora","AlHassan","Pharmgreen","Lyon","Recherche_Developpement","Laboratoire","Responsable Laboratoire","Sofia","Rodriguez","PC-PI-0127","24/01/1987","0412345678","0694122527","non","GRP_U_Responsable_Laboratoire","GRP_C_Responsable_Laboratoire"
"Nordman","Polock","Pharmgreen","Lyon","Direction_Ressources_Humaines","Gestion_Performances","Agent RH","Kelly","Arnaud","PC-PI-0128","15/06/1999","0443210987","-","non","GRP_U_Agent_RH_GP","GRP_C_Agent_RH_GP"
"Olga","DupondUt","Pharmgreen","Lyon","Ventes_Developpement_Commercial","Grands_Comptes","Commercial","Melanie","Lefebvre","PC-PI-0129","22/02/1971","0412345678","0729966375","oui","GRP_U_Commercial_GC","GRP_C_Commercial_GC"
"Oliver","Johnson","Pharmgreen","Lyon","Ventes_Developpement_Commercial","Service_Achat","Responsable achat","Sarah","Durand","PC-PI-0130","16/02/1991","0434567890","0733632584","non","GRP_U_Responsable_achat","GRP_C_Responsable_achat"
"Olivia","Garcia","Pharmgreen","Lyon","Ventes_Developpement_Commercial","Grands_Comptes","Commercial","Melanie","Lefebvre","PC-PI-0131","03/01/1976","0456789012","0723385865","oui","GRP_U_Commercial_GC","GRP_C_Commercial_GC"
"Olivier","Marechal","Pharmgreen","Lyon","Direction_Marketing","Marketing_Produit","Gestionaire de marque","Paulette","Huet","PC-PI-0132","04/02/1976","0487654321","0763563050","non","GRP_U_Gestionaire_Marque","GRP_C_Gestionaire_Marque"
"Ophelie","Poulin","Pharmgreen","Lyon","Direction_Ressources_Humaines","Formation","Formateur","Kelly","Arnaud","PC-PI-0133","17/05/1980","0445678901","0675781283","non","GRP_U_Formateur","GRP_C_Formateur"
"Oscar","Perrin","Pharmgreen","Lyon","Service_Juridique","Contentieux","Juriste","Sophie","Clement","PC-PI-0134","04/08/1998","0487654321","-","non","GRP_U_Juriste_CTX","GRP_C_Juriste_CTX"
"Patricia","Morin","Pharmgreen","Lyon","Service_Juridique","Contentieux","Juriste","Sophie","Clement","PC-PI-0135","07/09/1981","0412345678","-","non","GRP_U_Juriste_CTX","GRP_C_Juriste_CTX"
"Paul","Perrin","Pharmgreen","Lyon","Recherche_Developpement","Innovation_Strategie","Chercheur","Sofia","Rodriguez","PC-PI-0136","24/01/1971","0434567890","-","non","GRP_U_Chercheur","GRP_C_Chercheur"
"Paul","Lacombe","Pharmgreen","Lyon","Direction_Ressources_Humaines","Sante_Securite_Travail","Technicien HSE","Kelly","Arnaud","PC-PI-0137","26/04/1983","0487654321","0696681410","non","GRP_U_Technicien_HSE","GRP_C_Technicien_HSE"
"Paulette","Huet","Pharmgreen","Lyon","Direction_Marketing","Marketing_Produit","Responsable de gamme","Brigitte","Lucas","PC-PI-0138","25/07/1989","0456789012","0791316893","non","GRP_U_Responsable_Gamme","GRP_C_Responsable_Gamme"
"Pauline","Blanc","Pharmgreen","Lyon","Communication","Publicite","Publicitaire","Valentina","Ferrari","PC-PI-0139","29/04/1991","0476543210","0725602768","non","GRP_U_Publicitaire","GRP_C_Publicitaire"
"Pierre","David","Pharmgreen","Lyon","Systemes_Information","Data","Data scientist","Tina","LeHecourt","PC-PI-0140","23/12/1989","0456789012","-","non","GRP_U_Data_Scientist","GRP_C_Data_Scientist"
"Quentin","Blanchard","Pharmgreen","Lyon","Direction_Financiere","Controle_Gestion","Contrôleur de gestion","Aurelie","Petit","PC-PI-0141","01/09/1982","0487654321","-","non","GRP_U_Controleur_Gestion","GRP_C_Controleur_Gestion"
"Raphael","Lefebvre","Pharmgreen","Lyon","Ventes_Developpement_Commercial","Service_Client","Agent Client","Alexandre","Roux","PC-PI-0142","03/02/1973","0467890123","0681608883","non","GRP_U_Agent_Client","GRP_C_Agent_Client"
"Rayan","Fontaine","Pharmgreen","Lyon","Direction_Ressources_Humaines","Sante_Securite_Travail","Technicien HSE","Kelly","Arnaud","PC-PI-0143","31/05/1998","0432109876","0753814244","non","GRP_U_Technicien_HSE","GRP_C_Technicien_HSE"
"Remi","Deschamps","Pharmgreen","Lyon","Direction_Marketing","Emarketing","Community manager","Sylvie","Charpentier","PC-PI-0144","25/02/1975","0456789012","0777610318","non","GRP_U_Community_Manager","GRP_C_Community_Manager"
"Romain","Mathieu","Pharmgreen","Lyon","Service_Juridique","Contentieux","Juriste","Sophie","Clement","PC-PI-0145","18/04/1982","0445678901","-","non","GRP_U_Juriste_CTX","GRP_C_Juriste_CTX"
"Romain","Gauthier","Pharmgreen","Lyon","Direction_Financiere","Service_Comptabilite","Comptable","Aurelie","Petit","PC-PI-0146","03/01/1984","0421098765","-","non","GRP_U_Comptable","GRP_C_Comptable"
"Rosalie","Roux","Pharmgreen","Lyon","Systemes_Information","Data","Data scientist","Tina","LeHecourt","PC-PI-0147","20/12/1997","0456789012","-","non","GRP_U_Data_Scientist","GRP_C_Data_Scientist"
"Sara","Lebrun","Pharmgreen","Lyon","Direction_Ressources_Humaines","Sante_Securite_Travail","Technicien HSE","Kelly","Arnaud","PC-PI-0148","08/01/1977","0412345678","0647307941","non","GRP_U_Technicien_HSE","GRP_C_Technicien_HSE"
"Sarah","Durand","Pharmgreen","Lyon","Ventes_Developpement_Commercial","Developpement_Internationnal","Directrice Commercial","Gilles","Faure","PC-PI-0149","27/06/1973","0476543210","0744720692","oui","GRP_U_Direction_Commercial_DI","GRP_C_Direction_Commercial_DI"
"Soffia","Itsch","Pharmgreen","Lyon","Recherche_Developpement","Innovation_Strategie","Chercheur","Sofia","Rodriguez","PC-PI-0150","18/12/1985","0476543210","-","non","GRP_U_Chercheur","GRP_C_Chercheur"
"Sofia","Rodriguez","Pharmgreen","Lyon","Recherche_Developpement","Innovation_Strategie","Responsable Recherche","Gilles","Faure","PC-PI-0151","07/03/1994","0456789012","0667856189","non","GRP_U_Responsable_Recherche","GRP_C_Responsable_Recherche"
"Sophie","Clement","Pharmgreen","Lyon","Service_Juridique","Contrats","Responsable Juridique","Gilles","Faure","PC-PI-0152","15/06/1998","0476543210","0773550482","non","GRP_U_Responsable_Juridique","GRP_C_Responsable_Juridique"
"Sylvie","Charpentier","Pharmgreen","Lyon","Direction_Marketing","Emarketing","Responsable marketing digital","Brigitte","Lucas","PC-PI-0153","13/04/1971","0445678901","0609992482","non","GRP_U_Responsable_Marketing_Digital","GRP_C_Responsable_Marketing_Digital"
"Theo","Laurent","Pharmgreen","Lyon","Ventes_Developpement_Commercial","B2B","Commercial","Elena","Robert","PC-PI-0154","28/05/1988","0421098765","0754982135","oui","GRP_U_Commercial_B2B","GRP_C_Commercial_B2B"
"Thomas","Girard","Pharmgreen","Lyon","Ventes_Developpement_Commercial","ADV","Gestionnaire ADV","Louis","Laurent","PC-PI-0155","10/04/1977","0412345678","0718755210","non","GRP_U_Gestionnaire_ADV","GRP_C_Gestionnaire_ADV"
"Thomas","Gauthier","Pharmgreen","Lyon","Service_Juridique","Contrats","Juriste","Sophie","Clement","PC-PI-0156","15/02/1994","0434567890","-","non","GRP_U_Juriste_CTR","GRP_C_Juriste_CTR"
"Timothee","Guillot","Pharmgreen","Lyon","Direction_Ressources_Humaines","Sante_Securite_Travail","Auditeur","Kelly","Arnaud","PC-PI-0157","25/11/1991","0412345678","0665661105","non","GRP_U_Auditeur","GRP_C_Auditeur"
"Tina","LeHecourt","Pharmgreen","Lyon","Systemes_Information","NA","Directrice informatique","Gilles","Faure","PC-PI-0158","19/06/1986","0476543210","0699164527","non","GRP_U_Direction_Informatique","GRP_C_Direction_Informatique"
"Tristan","Marie","Pharmgreen","Lyon","Direction_Marketing","Emarketing","Analyste web","Sylvie","Charpentier","PC-PI-0159","24/07/1975","0445678901","0648458518","non","GRP_U_Analyste_Web","GRP_C_Analyste_Web"
"Ugo","Dumont","Pharmgreen","Lyon","Service_Juridique","Contrats","Juriste","Sophie","Clement","PC-PI-0160","22/05/1976","0423456789","-","non","GRP_U_Juriste_CTR","GRP_C_Juriste_CTR"
"Ulrich","DaSilva","Pharmgreen","Lyon","Direction_Marketing","Emarketing","Content manager","Sylvie","Charpentier","PC-PI-0161","24/06/1970","0423456789","0760489146","non","GRP_U_Content_Manager","GRP_C_Content_Manager"
"Uriel","Hubert","Pharmgreen","Lyon","Direction_Ressources_Humaines","Sante_Securite_Travail","Animateur sécurité","Kelly","Arnaud","PC-PI-0162","26/02/1984","0434567890","0655179627","non","GRP_U_Animateur_securite","GRP_C_Animateur_securite"
"Valentina","Ferrari","Pharmgreen","Lyon","Communication","NA","Directrice communication","Gilles","Faure","PC-PI-0163","28/06/1988","0440987654","0666052403","non","GRP_U_Direction_Communication","GRP_C_Direction_Communication"
"Valerie","Houddin","Pharmgreen","Lyon","Communication","Publicite","Designer graphique","Valentina","Ferrari","PC-PI-0164","10/09/1989","0456789012","0788510223","non","GRP_U_Designer_Graphique","GRP_C_Designer_Graphique"
"Vanessa","Boyer","Pharmgreen","Lyon","Direction_Marketing","Marketing_Strategique","Analyste marketing","Brigitte","Lucas","PC-PI-0165","27/12/1984","0412345678","0637936280","non","GRP_U_Analyste_Marketing","GRP_C_Analyste_Marketing"
"Veronique","Lopez","Pharmgreen","Lyon","Service_Juridique","Contrats","Juriste","Sophie","Clement","PC-PI-0166","28/02/1974","0434567890","-","non","GRP_U_Juriste_CTR","GRP_C_Juriste_CTR"
"Victor","Lemoine","Pharmgreen","Lyon","Direction_Financiere","Finance","Analyste financier","Aurelie","Petit","PC-PI-0167","11/11/1977","0421098765","-","non","GRP_U_Analyste_Financier","GRP_C_Analyste_Financier"
"Victoria","Perrot","Pharmgreen","Lyon","Recherche_Developpement","Innovation_Strategie","Chercheur","Sofia","Rodriguez","PC-PI-0168","28/02/1972","0467890123","-","non","GRP_U_Chercheur","GRP_C_Chercheur"
"Walter","Maillard","Pharmgreen","Lyon","Direction_Marketing","Marketing_Strategique","Analyste marketing","Brigitte","Lucas","PC-PI-0169","16/08/1981","0487654321","0785225605","non","GRP_U_Analyste_Marketing","GRP_C_Analyste_Marketing"
"Willy","LeRoux","Pharmgreen","Lyon","Recherche_Developpement","Innovation_Strategie","Chercheur","Sofia","Rodriguez","PC-PI-0170","12/12/1997","0423456789","-","non","GRP_U_Chercheur","GRP_C_Chercheur"
"Xander","Bailly","Pharmgreen","Lyon","Recherche_Developpement","Innovation_Strategie","Chercheur","Sofia","Rodriguez","PC-PI-0171","31/07/1997","0476543210","-","non","GRP_U_Chercheur","GRP_C_Chercheur"
"Xena","Leblanc","Pharmgreen","Lyon","Direction_Marketing","Marketing_Strategique","Analyste marketing","Brigitte","Lucas","PC-PI-0172","25/09/1971","0421098765","0752205346","non","GRP_U_Analyste_Marketing","GRP_C_Analyste_Marketing"
"Xenia","Chevalier","Pharmgreen","Lyon","Direction_Ressources_Humaines","Service_Recrutement","Recruteur RH","Kelly","Arnaud","PC-PI-0173","31/07/1985","0412345678","-","non","GRP_U_Recruteur_RH","GRP_C_Recruteur_RH"
"Yolande","Gros","Pharmgreen","Lyon","Recherche_Developpement","Innovation_Strategie","Chercheur","Sofia","Rodriguez","PC-PI-0174","25/09/1980","0421098765","-","non","GRP_U_Chercheur","GRP_C_Chercheur"
"Youssef","ElAmrani","Pharmgreen","Lyon","Recherche_Developpement","Innovation_Strategie","Chercheur","Sofia","Rodriguez","PC-PI-0175","12/12/1977","0445678901","-","non","GRP_U_Chercheur","GRP_C_Chercheur"
"Yves","Colin","Pharmgreen","Lyon","Direction_Ressources_Humaines","Service_Recrutement","Recruteur RH","Kelly","Arnaud","PC-PI-0176","06/12/1999","0440987654","-","non","GRP_U_Recruteur_RH","GRP_C_Recruteur_RH"
"Zacharie","Leclerc","Pharmgreen","Lyon","Direction_Ressources_Humaines","Service_Recrutement","Recruteur RH","Kelly","Arnaud","PC-PI-0177","25/09/1989","0432109876","-","non","GRP_U_Recruteur_RH","GRP_C_Recruteur_RH"
"Ziad","Prevost","Pharmgreen","Lyon","Recherche_Developpement","Innovation_Strategie","Chercheur","Sofia","Rodriguez","PC-PI-0178","16/07/1999","0412345678","-","non","GRP_U_Chercheur","GRP_C_Chercheur"
"Zoe","Dupuis","Pharmgreen","Lyon","Direction_Financiere","Controle_Gestion","Contrôleur de gestion","Aurelie","Petit","PC-PI-0179","30/10/1972","0434567890","-","non","GRP_U_Controleur_Gestion","GRP_C_Controleur_Gestion"
"Zoel","Roger","Pharmgreen","Lyon","Direction_Marketing","Marketing_Strategique","Chef de produit stratégique","Brigitte","Lucas","PC-PI-0180","31/07/1983","0440987654","0733111117","non","GRP_U_Chef_Produit_Strategique","GRP_C_Chef_Produit_Strategique"
