<BackupInst xmlns="http://www.microsoft.com/GroupPolicy/GPOOperations/Manifest"><GPOGuid><![CDATA[{4B600F09-373A-4BD6-B290-6057BF0DBDE1}]]></GPOGuid><GPODomain><![CDATA[pharmgreen.org]]></GPODomain><GPODomainGuid><![CDATA[{30a9b849-5fce-4bec-afa0-5949f5a7e37f}]]></GPODomainGuid><GPODomainController><![CDATA[WINSERV.pharmgreen.org]]></GPODomainController><BackupTime><![CDATA[2024-06-05T15:00:02]]></BackupTime><ID><![CDATA[{35BA8D36-4B75-4321-8B26-A794957C0FB3}]]></ID><Comment><![CDATA[backup s13]]></Comment><GPODisplayName><![CDATA[GPO_Mappage_Dossier_Dept_Dir_Fin]]></GPODisplayName></BackupInst>
