<BackupInst xmlns="http://www.microsoft.com/GroupPolicy/GPOOperations/Manifest" xmlns:mfst="http://www.microsoft.com/GroupPolicy/GPOOperations/Manifest" mfst:SIPresent="true"><GPOGuid><![CDATA[{23A82BDE-1760-4C50-AACB-2A9C3B6B33B3}]]></GPOGuid><GPODomain><![CDATA[pharmgreen.org]]></GPODomain><GPODomainGuid><![CDATA[{30a9b849-5fce-4bec-afa0-5949f5a7e37f}]]></GPODomainGuid><GPODomainController><![CDATA[WINSERV.pharmgreen.org]]></GPODomainController><BackupTime><![CDATA[2024-06-28T06:50:10]]></BackupTime><ID><![CDATA[{3B37C308-27C5-49F1-9EBA-8BD914313409}]]></ID><Comment><![CDATA[backup 28062024]]></Comment><GPODisplayName><![CDATA[GPO_C_Dpl_7Zip]]></GPODisplayName></BackupInst>
