<?xml version="1.0" encoding="utf-8"?><!-- Copyright (c) Microsoft Corporation.  All rights reserved. --><GroupPolicyBackupScheme bkp:version="2.0" bkp:type="GroupPolicyBackupTemplate" xmlns:bkp="http://www.microsoft.com/GroupPolicy/GPOOperations" xmlns="http://www.microsoft.com/GroupPolicy/GPOOperations">
    <GroupPolicyObject><SecurityGroups><Group bkp:Source="FromDACL"><Sid><![CDATA[S-1-5-21-3577228347-813851686-2838426286-512]]></Sid><SamAccountName><![CDATA[Domain Admins]]></SamAccountName><Type><![CDATA[GlobalGroup]]></Type><NetBIOSDomainName><![CDATA[PHARMGREEN]]></NetBIOSDomainName><DnsDomainName><![CDATA[pharmgreen.org]]></DnsDomainName><UPN><![CDATA[Domain Admins@pharmgreen.org]]></UPN></Group><Group bkp:Source="FromDACL"><Sid><![CDATA[S-1-5-21-3577228347-813851686-2838426286-519]]></Sid><SamAccountName><![CDATA[Enterprise Admins]]></SamAccountName><Type><![CDATA[UniversalGroup]]></Type><NetBIOSDomainName><![CDATA[PHARMGREEN]]></NetBIOSDomainName><DnsDomainName><![CDATA[pharmgreen.org]]></DnsDomainName><UPN><![CDATA[Enterprise Admins@pharmgreen.org]]></UPN></Group></SecurityGroups><FilePaths/><GroupPolicyCoreSettings><ID><![CDATA[{BBF04C84-09B4-4554-A9DF-2C469E8C62B7}]]></ID><Domain><![CDATA[pharmgreen.org]]></Domain><SecurityDescriptor>01 00 04 9c 00 00 00 00 00 00 00 00 00 00 00 00 14 00 00 00 04 00 ec 00 08 00 00 00 05 02 28 00 00 01 00 00 01 00 00 00 8f fd ac ed b3 ff d1 11 b4 1d 00 a0 c9 68 f9 39 01 01 00 00 00 00 00 05 0b 00 00 00 00 00 24 00 ff 00 0f 00 01 05 00 00 00 00 00 05 15 00 00 00 3b 2c 38 d5 26 64 82 30 ae f2 2e a9 00 02 00 00 00 02 24 00 ff 00 0f 00 01 05 00 00 00 00 00 05 15 00 00 00 3b 2c 38 d5 26 64 82 30 ae f2 2e a9 00 02 00 00 00 02 24 00 ff 00 0f 00 01 05 00 00 00 00 00 05 15 00 00 00 3b 2c 38 d5 26 64 82 30 ae f2 2e a9 07 02 00 00 00 02 14 00 94 00 02 00 01 01 00 00 00 00 00 05 09 00 00 00 00 02 14 00 94 00 02 00 01 01 00 00 00 00 00 05 0b 00 00 00 00 02 14 00 ff 00 0f 00 01 01 00 00 00 00 00 05 12 00 00 00 00 0a 14 00 ff 00 0f 00 01 01 00 00 00 00 00 03 00 00 00 00</SecurityDescriptor><DisplayName><![CDATA[GPO_Mappage_Dossier_Dept_RD]]></DisplayName><Options><![CDATA[0]]></Options><UserVersionNumber><![CDATA[1376277]]></UserVersionNumber><MachineVersionNumber><![CDATA[65537]]></MachineVersionNumber><MachineExtensionGuids/><UserExtensionGuids><![CDATA[[{00000000-0000-0000-0000-000000000000}{2EA1A81B-48E5-45E9-8BB7-A6E3AC170006}][{5794DAFD-BE60-433F-88A2-1A31939AC01F}{2EA1A81B-48E5-45E9-8BB7-A6E3AC170006}]]]></UserExtensionGuids><WMIFilter/></GroupPolicyCoreSettings> 
        <GroupPolicyExtension bkp:ID="{35378EAC-683F-11D2-A89A-00C04FBBCFA2}" bkp:DescName="Registry">
            
            
            <FSObjectFile bkp:Path="%GPO_FSPATH%\Adm\*.*" bkp:SourceExpandedPath="\\WINSERV.pharmgreen.org\sysvol\pharmgreen.org\Policies\{BBF04C84-09B4-4554-A9DF-2C469E8C62B7}\Adm\*.*"/>
        </GroupPolicyExtension>
        
        
        
        
        
        
        
        
        
    <GroupPolicyExtension bkp:ID="{F15C46CD-82A0-4C2D-A210-5D0D3182A418}" bkp:DescName="Unknown Extension"><FSObjectDir bkp:Path="%GPO_USER_FSPATH%\Applications" bkp:SourceExpandedPath="\\WINSERV.pharmgreen.org\sysvol\pharmgreen.org\Policies\{BBF04C84-09B4-4554-A9DF-2C469E8C62B7}\User\Applications" bkp:Location="DomainSysvol\GPO\User\Applications"/><FSObjectDir bkp:Path="%GPO_USER_FSPATH%\Preferences" bkp:SourceExpandedPath="\\WINSERV.pharmgreen.org\sysvol\pharmgreen.org\Policies\{BBF04C84-09B4-4554-A9DF-2C469E8C62B7}\User\Preferences" bkp:Location="DomainSysvol\GPO\User\Preferences"/><FSObjectDir bkp:Path="%GPO_USER_FSPATH%\Preferences\Drives" bkp:SourceExpandedPath="\\WINSERV.pharmgreen.org\sysvol\pharmgreen.org\Policies\{BBF04C84-09B4-4554-A9DF-2C469E8C62B7}\User\Preferences\Drives" bkp:Location="DomainSysvol\GPO\User\Preferences\Drives"/><FSObjectFile bkp:Path="%GPO_USER_FSPATH%\Preferences\Drives\Drives.xml" bkp:SourceExpandedPath="\\WINSERV.pharmgreen.org\sysvol\pharmgreen.org\Policies\{BBF04C84-09B4-4554-A9DF-2C469E8C62B7}\User\Preferences\Drives\Drives.xml" bkp:Location="DomainSysvol\GPO\User\Preferences\Drives\Drives.xml"/><FSObjectDir bkp:Path="%GPO_USER_FSPATH%\Preferences\Folders" bkp:SourceExpandedPath="\\WINSERV.pharmgreen.org\sysvol\pharmgreen.org\Policies\{BBF04C84-09B4-4554-A9DF-2C469E8C62B7}\User\Preferences\Folders" bkp:Location="DomainSysvol\GPO\User\Preferences\Folders"/><FSObjectDir bkp:Path="%GPO_USER_FSPATH%\Preferences\Shortcuts" bkp:SourceExpandedPath="\\WINSERV.pharmgreen.org\sysvol\pharmgreen.org\Policies\{BBF04C84-09B4-4554-A9DF-2C469E8C62B7}\User\Preferences\Shortcuts" bkp:Location="DomainSysvol\GPO\User\Preferences\Shortcuts"/></GroupPolicyExtension></GroupPolicyObject>
</GroupPolicyBackupScheme>