<BackupInst xmlns="http://www.microsoft.com/GroupPolicy/GPOOperations/Manifest"><GPOGuid><![CDATA[{89173211-ED6C-4BFF-A020-2F9A60C9BC3B}]]></GPOGuid><GPODomain><![CDATA[pharmgreen.org]]></GPODomain><GPODomainGuid><![CDATA[{30a9b849-5fce-4bec-afa0-5949f5a7e37f}]]></GPODomainGuid><GPODomainController><![CDATA[WINSERV.pharmgreen.org]]></GPODomainController><BackupTime><![CDATA[2024-05-22T18:14:07]]></BackupTime><ID><![CDATA[{D92D9335-8071-4068-AAC4-2F764EEB79A8}]]></ID><Comment><![CDATA[]]></Comment><GPODisplayName><![CDATA[GPO_Secu_Acces_Base_Registre]]></GPODisplayName></BackupInst>
