<BackupInst xmlns="http://www.microsoft.com/GroupPolicy/GPOOperations/Manifest"><GPOGuid><![CDATA[{5690E14C-9148-4CA1-A2FF-4FE952AB3283}]]></GPOGuid><GPODomain><![CDATA[pharmgreen.org]]></GPODomain><GPODomainGuid><![CDATA[{30a9b849-5fce-4bec-afa0-5949f5a7e37f}]]></GPODomainGuid><GPODomainController><![CDATA[WINSERV.pharmgreen.org]]></GPODomainController><BackupTime><![CDATA[2024-06-05T15:00:02]]></BackupTime><ID><![CDATA[{E9845920-CF29-4377-AF10-21E0F0A8A61E}]]></ID><Comment><![CDATA[backup s13]]></Comment><GPODisplayName><![CDATA[GPO_U_Acces_Panneau_configuration]]></GPODisplayName></BackupInst>
