<BackupInst xmlns="http://www.microsoft.com/GroupPolicy/GPOOperations/Manifest"><GPOGuid><![CDATA[{AF3D64F6-7F4F-42A2-9302-CC8F2B0FCA6C}]]></GPOGuid><GPODomain><![CDATA[pharmgreen.org]]></GPODomain><GPODomainGuid><![CDATA[{30a9b849-5fce-4bec-afa0-5949f5a7e37f}]]></GPODomainGuid><GPODomainController><![CDATA[WINSERV.pharmgreen.org]]></GPODomainController><BackupTime><![CDATA[2024-06-28T06:50:14]]></BackupTime><ID><![CDATA[{A19728DD-E1D3-4944-945B-9D6F0E96C074}]]></ID><Comment><![CDATA[backup 28062024]]></Comment><GPODisplayName><![CDATA[GPO_Mappage_Dossier_Dept_Serv_Juri]]></GPODisplayName></BackupInst>
