<BackupInst xmlns="http://www.microsoft.com/GroupPolicy/GPOOperations/Manifest"><GPOGuid><![CDATA[{A59C2A92-D6E3-4BE1-90B1-798D5B5E8488}]]></GPOGuid><GPODomain><![CDATA[pharmgreen.org]]></GPODomain><GPODomainGuid><![CDATA[{30a9b849-5fce-4bec-afa0-5949f5a7e37f}]]></GPODomainGuid><GPODomainController><![CDATA[WINSERV.pharmgreen.org]]></GPODomainController><BackupTime><![CDATA[2024-06-07T06:29:19]]></BackupTime><ID><![CDATA[{878474DE-11C0-423C-B24D-CA9BA090F609}]]></ID><Comment><![CDATA[backup 07/06/24]]></Comment><GPODisplayName><![CDATA[GPO_C_Blocage_Edge]]></GPODisplayName></BackupInst>
