<BackupInst xmlns="http://www.microsoft.com/GroupPolicy/GPOOperations/Manifest"><GPOGuid><![CDATA[{4DD9080F-F797-44A8-98D8-64097C39A3CA}]]></GPOGuid><GPODomain><![CDATA[pharmgreen.org]]></GPODomain><GPODomainGuid><![CDATA[{30a9b849-5fce-4bec-afa0-5949f5a7e37f}]]></GPODomainGuid><GPODomainController><![CDATA[WINSERV.pharmgreen.org]]></GPODomainController><BackupTime><![CDATA[2024-05-23T08:42:16]]></BackupTime><ID><![CDATA[{B4789D4C-B0A7-4D75-8DAE-D11139EA1FB4}]]></ID><Comment><![CDATA[]]></Comment><GPODisplayName><![CDATA[GPO_Secu_Ecran_veille_avec_password]]></GPODisplayName></BackupInst>
