<BackupInst xmlns="http://www.microsoft.com/GroupPolicy/GPOOperations/Manifest" xmlns:mfst="http://www.microsoft.com/GroupPolicy/GPOOperations/Manifest" mfst:SIPresent="true"><GPOGuid><![CDATA[{288EC267-9468-4EFE-8446-49ADB2651C84}]]></GPOGuid><GPODomain><![CDATA[pharmgreen.org]]></GPODomain><GPODomainGuid><![CDATA[{30a9b849-5fce-4bec-afa0-5949f5a7e37f}]]></GPODomainGuid><GPODomainController><![CDATA[WINSERV.pharmgreen.org]]></GPODomainController><BackupTime><![CDATA[2024-06-28T06:50:11]]></BackupTime><ID><![CDATA[{8BFE064D-5145-4662-868B-92B0DD9C3746}]]></ID><Comment><![CDATA[backup 28062024]]></Comment><GPODisplayName><![CDATA[GPO_C_Dpl_ThunderBird]]></GPODisplayName></BackupInst>
