<BackupInst xmlns="http://www.microsoft.com/GroupPolicy/GPOOperations/Manifest"><GPOGuid><![CDATA[{D9CED869-6617-4B5D-84F3-42480D5B6B02}]]></GPOGuid><GPODomain><![CDATA[pharmgreen.org]]></GPODomain><GPODomainGuid><![CDATA[{30a9b849-5fce-4bec-afa0-5949f5a7e37f}]]></GPODomainGuid><GPODomainController><![CDATA[WINSERV.pharmgreen.org]]></GPODomainController><BackupTime><![CDATA[2024-06-24T09:19:52]]></BackupTime><ID><![CDATA[{741A2D35-19F2-4288-9EB3-48BDF01E071A}]]></ID><Comment><![CDATA[]]></Comment><GPODisplayName><![CDATA[GPO_C_LAPS]]></GPODisplayName></BackupInst>
