<BackupInst xmlns="http://www.microsoft.com/GroupPolicy/GPOOperations/Manifest"><GPOGuid><![CDATA[{BD846E6A-2105-400D-B8E1-76F6979BC5C8}]]></GPOGuid><GPODomain><![CDATA[pharmgreen.org]]></GPODomain><GPODomainGuid><![CDATA[{30a9b849-5fce-4bec-afa0-5949f5a7e37f}]]></GPODomainGuid><GPODomainController><![CDATA[WINSERV.pharmgreen.org]]></GPODomainController><BackupTime><![CDATA[2024-06-07T06:29:20]]></BackupTime><ID><![CDATA[{3DE3D70B-E814-4641-8E54-3C671E4A1CAD}]]></ID><Comment><![CDATA[backup 07/06/24]]></Comment><GPODisplayName><![CDATA[GPO_Mappage_Dossier_Dept_SI]]></GPODisplayName></BackupInst>
