<BackupInst xmlns="http://www.microsoft.com/GroupPolicy/GPOOperations/Manifest"><GPOGuid><![CDATA[{CE23660C-A2BC-4A65-BADE-8088E3D51F9B}]]></GPOGuid><GPODomain><![CDATA[pharmgreen.org]]></GPODomain><GPODomainGuid><![CDATA[{30a9b849-5fce-4bec-afa0-5949f5a7e37f}]]></GPODomainGuid><GPODomainController><![CDATA[WINSERV.pharmgreen.org]]></GPODomainController><BackupTime><![CDATA[2024-06-28T06:50:15]]></BackupTime><ID><![CDATA[{15DCA683-7CB5-41D6-A4B0-754B12FE23B4}]]></ID><Comment><![CDATA[backup 28062024]]></Comment><GPODisplayName><![CDATA[GPO_WSUS_Commun]]></GPODisplayName></BackupInst>
