<BackupInst xmlns="http://www.microsoft.com/GroupPolicy/GPOOperations/Manifest"><GPOGuid><![CDATA[{01359959-5EAF-4E9C-922B-5343580DF207}]]></GPOGuid><GPODomain><![CDATA[pharmgreen.org]]></GPODomain><GPODomainGuid><![CDATA[{30a9b849-5fce-4bec-afa0-5949f5a7e37f}]]></GPODomainGuid><GPODomainController><![CDATA[WINSERV.pharmgreen.org]]></GPODomainController><BackupTime><![CDATA[2024-06-05T07:46:00]]></BackupTime><ID><![CDATA[{EDFDA7B3-C6DD-4C92-8B85-019B6F5A5863}]]></ID><Comment><![CDATA[]]></Comment><GPODisplayName><![CDATA[GPO_UC_Blocage_Péripheriques_Amovibles]]></GPODisplayName></BackupInst>
