<BackupInst xmlns="http://www.microsoft.com/GroupPolicy/GPOOperations/Manifest"><GPOGuid><![CDATA[{67CB8229-6530-49DF-B114-509771F5E6D9}]]></GPOGuid><GPODomain><![CDATA[pharmgreen.org]]></GPODomain><GPODomainGuid><![CDATA[{30a9b849-5fce-4bec-afa0-5949f5a7e37f}]]></GPODomainGuid><GPODomainController><![CDATA[WINSERV.pharmgreen.org]]></GPODomainController><BackupTime><![CDATA[2024-06-24T09:19:51]]></BackupTime><ID><![CDATA[{0660ABE1-84B6-4F0B-8589-702338D5CD6F}]]></ID><Comment><![CDATA[]]></Comment><GPODisplayName><![CDATA[GPO_C_Firefox_Par_Defaut]]></GPODisplayName></BackupInst>
