<?xml version="1.0" encoding="utf-8"?>
<Drives clsid="{8FDDCC1A-0C3C-43cd-A6B4-71A6DF20DA8C}"><Drive clsid="{935D1B74-9CB8-4e3c-9914-7DD559B7A417}" name="N:" status="N:" image="1" changed="2024-06-05 12:07:06" uid="{39A39894-FEBB-4393-BD9E-974D5CEDEBB5}" userContext="1" bypassErrors="1"><Properties action="R" thisDrive="SHOW" allDrives="SHOW" userName="" path="\\WINSERV\Ventes_Developpement_Commercial$" label="Dossiers Vente" persistent="1" useLetter="1" letter="N"/><Filters><FilterGroup bool="AND" not="0" name="PHARMGREEN\GRP_U_Ventes_Developpement_Commercial" sid="S-1-5-21-3577228347-813851686-2838426286-3394" userContext="1" primaryGroup="0" localGroup="0"/></Filters></Drive>
	<Drive clsid="{935D1B74-9CB8-4e3c-9914-7DD559B7A417}" name="M:" status="M:" image="1" changed="2024-06-05 14:36:35" uid="{F0AF7DE1-E4A1-411E-8A58-C6F216B230CD}" userContext="1" bypassErrors="1"><Properties action="R" thisDrive="SHOW" allDrives="SHOW" userName="" path="\\WINSERV\ADV$" label="Dossiers ADV" persistent="1" useLetter="1" letter="M"/><Filters><FilterGroup bool="AND" not="0" name="PHARMGREEN\GRP_U_ADV" sid="S-1-5-21-3577228347-813851686-2838426286-3395" userContext="1" primaryGroup="0" localGroup="0"/></Filters></Drive>
	<Drive clsid="{935D1B74-9CB8-4e3c-9914-7DD559B7A417}" name="M:" status="M:" image="1" changed="2024-06-05 14:37:18" uid="{152A4418-A592-4C2E-9410-B1588636238D}" userContext="1" bypassErrors="1"><Properties action="R" thisDrive="SHOW" allDrives="SHOW" userName="" path="\\WINSERV\B2B$" label="Dossiers B2B" persistent="1" useLetter="1" letter="M"/><Filters><FilterGroup bool="AND" not="0" name="PHARMGREEN\GRP_U_B2B" sid="S-1-5-21-3577228347-813851686-2838426286-3398" userContext="1" primaryGroup="0" localGroup="0"/></Filters></Drive>
	<Drive clsid="{935D1B74-9CB8-4e3c-9914-7DD559B7A417}" name="M:" status="M:" image="1" changed="2024-06-05 14:37:57" uid="{AADB3D3D-CB8E-4ED4-B342-6523A0194878}" userContext="1" bypassErrors="1"><Properties action="R" thisDrive="SHOW" allDrives="SHOW" userName="" path="\\WINSERV\B2C$" label="Dossiers B2C" persistent="1" useLetter="1" letter="M"/><Filters><FilterGroup bool="AND" not="0" name="PHARMGREEN\GRP_U_B2C" sid="S-1-5-21-3577228347-813851686-2838426286-3401" userContext="1" primaryGroup="0" localGroup="0"/></Filters></Drive>
	<Drive clsid="{935D1B74-9CB8-4e3c-9914-7DD559B7A417}" name="M:" status="M:" image="1" changed="2024-06-05 14:39:23" uid="{26D6CCEF-EDB7-4CDB-8C39-BB023DE1E08E}" userContext="1" bypassErrors="1"><Properties action="R" thisDrive="SHOW" allDrives="SHOW" userName="" path="\\WINSERV\Developpement_Internationnal$" label="Dossiers Dev Internationnal" persistent="1" useLetter="1" letter="M"/><Filters><FilterGroup bool="AND" not="0" name="PHARMGREEN\GRP_U_Developpement_Internationnal" sid="S-1-5-21-3577228347-813851686-2838426286-3404" userContext="1" primaryGroup="0" localGroup="0"/></Filters></Drive>
	<Drive clsid="{935D1B74-9CB8-4e3c-9914-7DD559B7A417}" name="M:" status="M:" image="1" changed="2024-06-05 14:39:58" uid="{DDF991DE-A881-4D7E-ADEB-D6DF9F7B32D2}" userContext="1" bypassErrors="1"><Properties action="R" thisDrive="SHOW" allDrives="SHOW" userName="" path="\\WINSERV\Grands_Comptes$" label="Dossiers Vente" persistent="1" useLetter="1" letter="M"/><Filters><FilterGroup bool="AND" not="0" name="PHARMGREEN\GRP_U_Grands_Comptes" sid="S-1-5-21-3577228347-813851686-2838426286-3407" userContext="1" primaryGroup="0" localGroup="0"/></Filters></Drive>
	<Drive clsid="{935D1B74-9CB8-4e3c-9914-7DD559B7A417}" name="M:" status="M:" image="1" changed="2024-06-05 14:40:49" uid="{A8C0D3D1-87BA-4754-8731-8E01411F2D2B}" userContext="1" bypassErrors="1"><Properties action="R" thisDrive="SHOW" allDrives="SHOW" userName="" path="\\WINSERV\Service_Achat$" label="Dossiers  Service Achat" persistent="1" useLetter="1" letter="M"/><Filters><FilterGroup bool="AND" not="0" name="PHARMGREEN\GRP_U_Service_Achat" sid="S-1-5-21-3577228347-813851686-2838426286-3410" userContext="1" primaryGroup="0" localGroup="0"/></Filters></Drive>
	<Drive clsid="{935D1B74-9CB8-4e3c-9914-7DD559B7A417}" name="M:" status="M:" image="1" changed="2024-06-05 14:41:33" uid="{365E60E9-676B-4E44-A031-A53E7A85932F}" userContext="1" bypassErrors="1"><Properties action="R" thisDrive="SHOW" allDrives="SHOW" userName="" path="\\WINSERV\Service_Client$" label="Dossiers Service Client" persistent="1" useLetter="1" letter="M"/><Filters><FilterGroup bool="AND" not="0" name="PHARMGREEN\GRP_U_Service_Client" sid="S-1-5-21-3577228347-813851686-2838426286-3413" userContext="1" primaryGroup="0" localGroup="0"/></Filters></Drive>
</Drives>
