<BackupInst xmlns="http://www.microsoft.com/GroupPolicy/GPOOperations/Manifest"><GPOGuid><![CDATA[{F102DA74-DC43-41C1-924B-623FDC26484D}]]></GPOGuid><GPODomain><![CDATA[pharmgreen.org]]></GPODomain><GPODomainGuid><![CDATA[{30a9b849-5fce-4bec-afa0-5949f5a7e37f}]]></GPODomainGuid><GPODomainController><![CDATA[WINSERV.pharmgreen.org]]></GPODomainController><BackupTime><![CDATA[2024-06-24T09:19:55]]></BackupTime><ID><![CDATA[{DD1546D0-6AF6-454B-9F0D-72AEC8B58EA0}]]></ID><Comment><![CDATA[]]></Comment><GPODisplayName><![CDATA[GPO_U_Wallpaper_Unique]]></GPODisplayName></BackupInst>
