<Backups xmlns="http://www.microsoft.com/GroupPolicy/GPOOperations/Manifest" xmlns:mfst="http://www.microsoft.com/GroupPolicy/GPOOperations/Manifest" mfst:version="1.0"><BackupInst><GPOGuid><![CDATA[{01359959-5EAF-4E9C-922B-5343580DF207}]]></GPOGuid><GPODomain><![CDATA[pharmgreen.org]]></GPODomain><GPODomainGuid><![CDATA[{30a9b849-5fce-4bec-afa0-5949f5a7e37f}]]></GPODomainGuid><GPODomainController><![CDATA[WINSERV.pharmgreen.org]]></GPODomainController><BackupTime><![CDATA[2024-06-24T09:19:56]]></BackupTime><ID><![CDATA[{851C50D0-2FE4-447A-9FB9-CB23DD5FDBB9}]]></ID><Comment><![CDATA[]]></Comment><GPODisplayName><![CDATA[GPO_UC_Blocage_Péripheriques_Amovibles]]></GPODisplayName></BackupInst><BackupInst><GPOGuid><![CDATA[{F102DA74-DC43-41C1-924B-623FDC26484D}]]></GPOGuid><GPODomain><![CDATA[pharmgreen.org]]></GPODomain><GPODomainGuid><![CDATA[{30a9b849-5fce-4bec-afa0-5949f5a7e37f}]]></GPODomainGuid><GPODomainController><![CDATA[WINSERV.pharmgreen.org]]></GPODomainController><BackupTime><![CDATA[2024-06-24T09:19:55]]></BackupTime><ID><![CDATA[{DD1546D0-6AF6-454B-9F0D-72AEC8B58EA0}]]></ID><Comment><![CDATA[]]></Comment><GPODisplayName><![CDATA[GPO_U_Wallpaper_Unique]]></GPODisplayName></BackupInst><BackupInst><GPOGuid><![CDATA[{A7B6E7B9-CE46-44C1-8FFE-E4754EE831BA}]]></GPOGuid><GPODomain><![CDATA[pharmgreen.org]]></GPODomain><GPODomainGuid><![CDATA[{30a9b849-5fce-4bec-afa0-5949f5a7e37f}]]></GPODomainGuid><GPODomainController><![CDATA[WINSERV.pharmgreen.org]]></GPODomainController><BackupTime><![CDATA[2024-06-24T09:19:55]]></BackupTime><ID><![CDATA[{CC86E5F3-0979-40A9-92AB-77F4174BC3A5}]]></ID><Comment><![CDATA[]]></Comment><GPODisplayName><![CDATA[GPO_U_Telemetrie]]></GPODisplayName></BackupInst><BackupInst><GPOGuid><![CDATA[{89173211-ED6C-4BFF-A020-2F9A60C9BC3B}]]></GPOGuid><GPODomain><![CDATA[pharmgreen.org]]></GPODomain><GPODomainGuid><![CDATA[{30a9b849-5fce-4bec-afa0-5949f5a7e37f}]]></GPODomainGuid><GPODomainController><![CDATA[WINSERV.pharmgreen.org]]></GPODomainController><BackupTime><![CDATA[2024-06-24T09:19:55]]></BackupTime><ID><![CDATA[{CE84BBAE-515B-427D-91EA-7E8CFC71295C}]]></ID><Comment><![CDATA[]]></Comment><GPODisplayName><![CDATA[GPO_U_Restriction_Acces_Base_Registre]]></GPODisplayName></BackupInst><BackupInst><GPOGuid><![CDATA[{4DD9080F-F797-44A8-98D8-64097C39A3CA}]]></GPOGuid><GPODomain><![CDATA[pharmgreen.org]]></GPODomain><GPODomainGuid><![CDATA[{30a9b849-5fce-4bec-afa0-5949f5a7e37f}]]></GPODomainGuid><GPODomainController><![CDATA[WINSERV.pharmgreen.org]]></GPODomainController><BackupTime><![CDATA[2024-06-24T09:19:55]]></BackupTime><ID><![CDATA[{30FB0BC9-A3BB-4BC0-B6CC-923F1082BC91}]]></ID><Comment><![CDATA[]]></Comment><GPODisplayName><![CDATA[GPO_U_Ecran_veille_avec_password]]></GPODisplayName></BackupInst><BackupInst><GPOGuid><![CDATA[{5690E14C-9148-4CA1-A2FF-4FE952AB3283}]]></GPOGuid><GPODomain><![CDATA[pharmgreen.org]]></GPODomain><GPODomainGuid><![CDATA[{30a9b849-5fce-4bec-afa0-5949f5a7e37f}]]></GPODomainGuid><GPODomainController><![CDATA[WINSERV.pharmgreen.org]]></GPODomainController><BackupTime><![CDATA[2024-06-24T09:19:55]]></BackupTime><ID><![CDATA[{1DB53218-26B7-4797-9003-40FA24C7827C}]]></ID><Comment><![CDATA[]]></Comment><GPODisplayName><![CDATA[GPO_U_Acces_Panneau_configuration]]></GPODisplayName></BackupInst><BackupInst><GPOGuid><![CDATA[{E65AF66B-2BB8-4C1F-B354-CBA59E610F55}]]></GPOGuid><GPODomain><![CDATA[pharmgreen.org]]></GPODomain><GPODomainGuid><![CDATA[{30a9b849-5fce-4bec-afa0-5949f5a7e37f}]]></GPODomainGuid><GPODomainController><![CDATA[WINSERV.pharmgreen.org]]></GPODomainController><BackupTime><![CDATA[2024-06-24T09:19:55]]></BackupTime><ID><![CDATA[{E95EA4C5-9C7B-4A87-B335-A7780545426F}]]></ID><Comment><![CDATA[]]></Comment><GPODisplayName><![CDATA[GPO_Mappage_Dossier_Dept_Ventes]]></GPODisplayName></BackupInst><BackupInst><GPOGuid><![CDATA[{BD846E6A-2105-400D-B8E1-76F6979BC5C8}]]></GPOGuid><GPODomain><![CDATA[pharmgreen.org]]></GPODomain><GPODomainGuid><![CDATA[{30a9b849-5fce-4bec-afa0-5949f5a7e37f}]]></GPODomainGuid><GPODomainController><![CDATA[WINSERV.pharmgreen.org]]></GPODomainController><BackupTime><![CDATA[2024-06-24T09:19:54]]></BackupTime><ID><![CDATA[{AB01C329-C618-42B9-8DF4-2B1A443037EC}]]></ID><Comment><![CDATA[]]></Comment><GPODisplayName><![CDATA[GPO_Mappage_Dossier_Dept_SI]]></GPODisplayName></BackupInst><BackupInst><GPOGuid><![CDATA[{9E48BB6E-E595-4347-BB9B-F65A5068F794}]]></GPOGuid><GPODomain><![CDATA[pharmgreen.org]]></GPODomain><GPODomainGuid><![CDATA[{30a9b849-5fce-4bec-afa0-5949f5a7e37f}]]></GPODomainGuid><GPODomainController><![CDATA[WINSERV.pharmgreen.org]]></GPODomainController><BackupTime><![CDATA[2024-06-24T09:19:54]]></BackupTime><ID><![CDATA[{0ABF88C4-A166-4063-A698-9E3E84623F1C}]]></ID><Comment><![CDATA[]]></Comment><GPODisplayName><![CDATA[GPO_Mappage_Dossier_Dept_SG]]></GPODisplayName></BackupInst><BackupInst><GPOGuid><![CDATA[{AF3D64F6-7F4F-42A2-9302-CC8F2B0FCA6C}]]></GPOGuid><GPODomain><![CDATA[pharmgreen.org]]></GPODomain><GPODomainGuid><![CDATA[{30a9b849-5fce-4bec-afa0-5949f5a7e37f}]]></GPODomainGuid><GPODomainController><![CDATA[WINSERV.pharmgreen.org]]></GPODomainController><BackupTime><![CDATA[2024-06-24T09:19:54]]></BackupTime><ID><![CDATA[{2BB3E5F2-28C1-4474-84CD-D65CF6B47C71}]]></ID><Comment><![CDATA[]]></Comment><GPODisplayName><![CDATA[GPO_Mappage_Dossier_Dept_Serv_Juri]]></GPODisplayName></BackupInst><BackupInst><GPOGuid><![CDATA[{3142BBAB-0A22-463C-9422-E6C5FFBB1B1D}]]></GPOGuid><GPODomain><![CDATA[pharmgreen.org]]></GPODomain><GPODomainGuid><![CDATA[{30a9b849-5fce-4bec-afa0-5949f5a7e37f}]]></GPODomainGuid><GPODomainController><![CDATA[WINSERV.pharmgreen.org]]></GPODomainController><BackupTime><![CDATA[2024-06-24T09:19:54]]></BackupTime><ID><![CDATA[{34EE84A8-996C-4E54-96F4-C6640801BE1B}]]></ID><Comment><![CDATA[]]></Comment><GPODisplayName><![CDATA[GPO_Mappage_Dossier_Dept_RH]]></GPODisplayName></BackupInst><BackupInst><GPOGuid><![CDATA[{BBF04C84-09B4-4554-A9DF-2C469E8C62B7}]]></GPOGuid><GPODomain><![CDATA[pharmgreen.org]]></GPODomain><GPODomainGuid><![CDATA[{30a9b849-5fce-4bec-afa0-5949f5a7e37f}]]></GPODomainGuid><GPODomainController><![CDATA[WINSERV.pharmgreen.org]]></GPODomainController><BackupTime><![CDATA[2024-06-24T09:19:54]]></BackupTime><ID><![CDATA[{5CB51073-6823-4A09-8F9F-0386D42810E6}]]></ID><Comment><![CDATA[]]></Comment><GPODisplayName><![CDATA[GPO_Mappage_Dossier_Dept_RD]]></GPODisplayName></BackupInst><BackupInst><GPOGuid><![CDATA[{E929E11B-2240-40A9-90AF-41FCC65F61CE}]]></GPOGuid><GPODomain><![CDATA[pharmgreen.org]]></GPODomain><GPODomainGuid><![CDATA[{30a9b849-5fce-4bec-afa0-5949f5a7e37f}]]></GPODomainGuid><GPODomainController><![CDATA[WINSERV.pharmgreen.org]]></GPODomainController><BackupTime><![CDATA[2024-06-24T09:19:54]]></BackupTime><ID><![CDATA[{A7C4E469-730A-4483-9213-045FCD4439A8}]]></ID><Comment><![CDATA[]]></Comment><GPODisplayName><![CDATA[GPO_Mappage_Dossier_Dept_Dir_Markt]]></GPODisplayName></BackupInst><BackupInst><GPOGuid><![CDATA[{B33C40D9-8B4C-47FE-A576-C1E65B24FD7E}]]></GPOGuid><GPODomain><![CDATA[pharmgreen.org]]></GPODomain><GPODomainGuid><![CDATA[{30a9b849-5fce-4bec-afa0-5949f5a7e37f}]]></GPODomainGuid><GPODomainController><![CDATA[WINSERV.pharmgreen.org]]></GPODomainController><BackupTime><![CDATA[2024-06-24T09:19:53]]></BackupTime><ID><![CDATA[{008A0CB8-B254-41E3-9C91-F16728074E25}]]></ID><Comment><![CDATA[]]></Comment><GPODisplayName><![CDATA[GPO_Mappage_Dossier_Dept_Dir_Ge]]></GPODisplayName></BackupInst><BackupInst><GPOGuid><![CDATA[{4B600F09-373A-4BD6-B290-6057BF0DBDE1}]]></GPOGuid><GPODomain><![CDATA[pharmgreen.org]]></GPODomain><GPODomainGuid><![CDATA[{30a9b849-5fce-4bec-afa0-5949f5a7e37f}]]></GPODomainGuid><GPODomainController><![CDATA[WINSERV.pharmgreen.org]]></GPODomainController><BackupTime><![CDATA[2024-06-24T09:19:53]]></BackupTime><ID><![CDATA[{32E2685B-380F-41C0-9847-9D794F7341FC}]]></ID><Comment><![CDATA[]]></Comment><GPODisplayName><![CDATA[GPO_Mappage_Dossier_Dept_Dir_Fin]]></GPODisplayName></BackupInst><BackupInst><GPOGuid><![CDATA[{200F6BCC-882B-4EF2-B0D4-A5E84A2EEFCC}]]></GPOGuid><GPODomain><![CDATA[pharmgreen.org]]></GPODomain><GPODomainGuid><![CDATA[{30a9b849-5fce-4bec-afa0-5949f5a7e37f}]]></GPODomainGuid><GPODomainController><![CDATA[WINSERV.pharmgreen.org]]></GPODomainController><BackupTime><![CDATA[2024-06-24T09:19:53]]></BackupTime><ID><![CDATA[{7C2E40E1-83BC-4FE5-AE2E-ACF59E638A36}]]></ID><Comment><![CDATA[]]></Comment><GPODisplayName><![CDATA[GPO_Mappage_Dossier_Dept_Com]]></GPODisplayName></BackupInst><BackupInst><GPOGuid><![CDATA[{638978C1-0C85-462A-BCEC-23E24BAFE3F9}]]></GPOGuid><GPODomain><![CDATA[pharmgreen.org]]></GPODomain><GPODomainGuid><![CDATA[{30a9b849-5fce-4bec-afa0-5949f5a7e37f}]]></GPODomainGuid><GPODomainController><![CDATA[WINSERV.pharmgreen.org]]></GPODomainController><BackupTime><![CDATA[2024-06-24T09:19:53]]></BackupTime><ID><![CDATA[{F32D1CC1-6C53-44F7-AEC8-2681DE6D0F05}]]></ID><Comment><![CDATA[]]></Comment><GPODisplayName><![CDATA[GPO_Dossier_Utilisateurs]]></GPODisplayName></BackupInst><BackupInst><GPOGuid><![CDATA[{E3056D12-A504-43F5-83D3-20E6CA721FD6}]]></GPOGuid><GPODomain><![CDATA[pharmgreen.org]]></GPODomain><GPODomainGuid><![CDATA[{30a9b849-5fce-4bec-afa0-5949f5a7e37f}]]></GPODomainGuid><GPODomainController><![CDATA[WINSERV.pharmgreen.org]]></GPODomainController><BackupTime><![CDATA[2024-06-24T09:19:53]]></BackupTime><ID><![CDATA[{D218C821-39E0-4627-8B66-8727C1F797A5}]]></ID><Comment><![CDATA[]]></Comment><GPODisplayName><![CDATA[GPO_C_Telemetrie]]></GPODisplayName></BackupInst><BackupInst><GPOGuid><![CDATA[{55F002DC-843B-422C-8E56-5CC8FA8E7160}]]></GPOGuid><GPODomain><![CDATA[pharmgreen.org]]></GPODomain><GPODomainGuid><![CDATA[{30a9b849-5fce-4bec-afa0-5949f5a7e37f}]]></GPODomainGuid><GPODomainController><![CDATA[WINSERV.pharmgreen.org]]></GPODomainController><BackupTime><![CDATA[2024-06-24T09:19:52]]></BackupTime><ID><![CDATA[{0C9925B5-1042-4253-A146-9D2378A7A161}]]></ID><Comment><![CDATA[]]></Comment><GPODisplayName><![CDATA[GPO_C_Serveur_NTP_Date_Time]]></GPODisplayName></BackupInst><BackupInst><GPOGuid><![CDATA[{40CCC225-3F05-4E9E-8EF4-5AAF61A8D414}]]></GPOGuid><GPODomain><![CDATA[pharmgreen.org]]></GPODomain><GPODomainGuid><![CDATA[{30a9b849-5fce-4bec-afa0-5949f5a7e37f}]]></GPODomainGuid><GPODomainController><![CDATA[WINSERV.pharmgreen.org]]></GPODomainController><BackupTime><![CDATA[2024-06-24T09:19:52]]></BackupTime><ID><![CDATA[{6BEB5EA2-AC98-445F-A874-7153087DD47B}]]></ID><Comment><![CDATA[]]></Comment><GPODisplayName><![CDATA[GPO_C_Restriction_Software]]></GPODisplayName></BackupInst><BackupInst><GPOGuid><![CDATA[{D3813734-4A12-4A09-8891-64C22C8180A3}]]></GPOGuid><GPODomain><![CDATA[pharmgreen.org]]></GPODomain><GPODomainGuid><![CDATA[{30a9b849-5fce-4bec-afa0-5949f5a7e37f}]]></GPODomainGuid><GPODomainController><![CDATA[WINSERV.pharmgreen.org]]></GPODomainController><BackupTime><![CDATA[2024-06-24T09:19:52]]></BackupTime><ID><![CDATA[{35768967-4240-4BD4-A822-F2E27E77E158}]]></ID><Comment><![CDATA[]]></Comment><GPODisplayName><![CDATA[GPO_C_Restriction_Acces_Firewall]]></GPODisplayName></BackupInst><BackupInst><GPOGuid><![CDATA[{7DC2F08C-0A68-40D5-BC35-722686E9634B}]]></GPOGuid><GPODomain><![CDATA[pharmgreen.org]]></GPODomain><GPODomainGuid><![CDATA[{30a9b849-5fce-4bec-afa0-5949f5a7e37f}]]></GPODomainGuid><GPODomainController><![CDATA[WINSERV.pharmgreen.org]]></GPODomainController><BackupTime><![CDATA[2024-06-24T09:19:52]]></BackupTime><ID><![CDATA[{C56C278F-BF99-4118-97A8-F73BB092B759}]]></ID><Comment><![CDATA[]]></Comment><GPODisplayName><![CDATA[GPO_C_Parametres_Firefox]]></GPODisplayName></BackupInst><BackupInst><GPOGuid><![CDATA[{D9CED869-6617-4B5D-84F3-42480D5B6B02}]]></GPOGuid><GPODomain><![CDATA[pharmgreen.org]]></GPODomain><GPODomainGuid><![CDATA[{30a9b849-5fce-4bec-afa0-5949f5a7e37f}]]></GPODomainGuid><GPODomainController><![CDATA[WINSERV.pharmgreen.org]]></GPODomainController><BackupTime><![CDATA[2024-06-24T09:19:52]]></BackupTime><ID><![CDATA[{741A2D35-19F2-4288-9EB3-48BDF01E071A}]]></ID><Comment><![CDATA[]]></Comment><GPODisplayName><![CDATA[GPO_C_LAPS]]></GPODisplayName></BackupInst><BackupInst><GPOGuid><![CDATA[{93DB2A0E-1958-47EF-BF58-BF08F021AB8E}]]></GPOGuid><GPODomain><![CDATA[pharmgreen.org]]></GPODomain><GPODomainGuid><![CDATA[{30a9b849-5fce-4bec-afa0-5949f5a7e37f}]]></GPODomainGuid><GPODomainController><![CDATA[WINSERV.pharmgreen.org]]></GPODomainController><BackupTime><![CDATA[2024-06-24T09:19:52]]></BackupTime><ID><![CDATA[{D9800F80-A361-41E4-B034-F91075F7371A}]]></ID><Comment><![CDATA[]]></Comment><GPODisplayName><![CDATA[GPO_C_Gestion_Alimentation]]></GPODisplayName></BackupInst><BackupInst><GPOGuid><![CDATA[{67CB8229-6530-49DF-B114-509771F5E6D9}]]></GPOGuid><GPODomain><![CDATA[pharmgreen.org]]></GPODomain><GPODomainGuid><![CDATA[{30a9b849-5fce-4bec-afa0-5949f5a7e37f}]]></GPODomainGuid><GPODomainController><![CDATA[WINSERV.pharmgreen.org]]></GPODomainController><BackupTime><![CDATA[2024-06-24T09:19:51]]></BackupTime><ID><![CDATA[{0660ABE1-84B6-4F0B-8589-702338D5CD6F}]]></ID><Comment><![CDATA[]]></Comment><GPODisplayName><![CDATA[GPO_C_Firefox_Par_Defaut]]></GPODisplayName></BackupInst><BackupInst mfst:SIPresent="true"><GPOGuid><![CDATA[{288EC267-9468-4EFE-8446-49ADB2651C84}]]></GPOGuid><GPODomain><![CDATA[pharmgreen.org]]></GPODomain><GPODomainGuid><![CDATA[{30a9b849-5fce-4bec-afa0-5949f5a7e37f}]]></GPODomainGuid><GPODomainController><![CDATA[WINSERV.pharmgreen.org]]></GPODomainController><BackupTime><![CDATA[2024-06-24T09:19:51]]></BackupTime><ID><![CDATA[{584050AF-91C2-463C-82BB-1F98A5FF9F00}]]></ID><Comment><![CDATA[]]></Comment><GPODisplayName><![CDATA[GPO_C_Dpl_ThunderBird]]></GPODisplayName></BackupInst><BackupInst mfst:SIPresent="true"><GPOGuid><![CDATA[{A5C64773-44E6-4762-9746-2B551921B488}]]></GPOGuid><GPODomain><![CDATA[pharmgreen.org]]></GPODomain><GPODomainGuid><![CDATA[{30a9b849-5fce-4bec-afa0-5949f5a7e37f}]]></GPODomainGuid><GPODomainController><![CDATA[WINSERV.pharmgreen.org]]></GPODomainController><BackupTime><![CDATA[2024-06-24T09:19:51]]></BackupTime><ID><![CDATA[{6FCBBA9E-4EA3-475E-928F-3F8596612E99}]]></ID><Comment><![CDATA[]]></Comment><GPODisplayName><![CDATA[GPO_C_Dpl_Firefox]]></GPODisplayName></BackupInst><BackupInst mfst:SIPresent="true"><GPOGuid><![CDATA[{23A82BDE-1760-4C50-AACB-2A9C3B6B33B3}]]></GPOGuid><GPODomain><![CDATA[pharmgreen.org]]></GPODomain><GPODomainGuid><![CDATA[{30a9b849-5fce-4bec-afa0-5949f5a7e37f}]]></GPODomainGuid><GPODomainController><![CDATA[WINSERV.pharmgreen.org]]></GPODomainController><BackupTime><![CDATA[2024-06-24T09:19:51]]></BackupTime><ID><![CDATA[{E5EFBD9E-B83E-40B1-A43C-526FA4339CB3}]]></ID><Comment><![CDATA[]]></Comment><GPODisplayName><![CDATA[GPO_C_Dpl_7Zip]]></GPODisplayName></BackupInst><BackupInst><GPOGuid><![CDATA[{9EBF4DA6-6228-4F2D-AD7A-ACDE8021E77C}]]></GPOGuid><GPODomain><![CDATA[pharmgreen.org]]></GPODomain><GPODomainGuid><![CDATA[{30a9b849-5fce-4bec-afa0-5949f5a7e37f}]]></GPODomainGuid><GPODomainController><![CDATA[WINSERV.pharmgreen.org]]></GPODomainController><BackupTime><![CDATA[2024-06-24T09:19:51]]></BackupTime><ID><![CDATA[{5B715695-8B90-42AE-A08B-1D8CC5F9A927}]]></ID><Comment><![CDATA[]]></Comment><GPODisplayName><![CDATA[GPO_C_Compte_ADM_Local]]></GPODisplayName></BackupInst><BackupInst><GPOGuid><![CDATA[{A59C2A92-D6E3-4BE1-90B1-798D5B5E8488}]]></GPOGuid><GPODomain><![CDATA[pharmgreen.org]]></GPODomain><GPODomainGuid><![CDATA[{30a9b849-5fce-4bec-afa0-5949f5a7e37f}]]></GPODomainGuid><GPODomainController><![CDATA[WINSERV.pharmgreen.org]]></GPODomainController><BackupTime><![CDATA[2024-06-24T09:19:51]]></BackupTime><ID><![CDATA[{C753D798-B715-4E9F-83C1-55BA8F94D130}]]></ID><Comment><![CDATA[]]></Comment><GPODisplayName><![CDATA[GPO_C_Blocage_Edge]]></GPODisplayName></BackupInst><BackupInst><GPOGuid><![CDATA[{31B2F340-016D-11D2-945F-00C04FB984F9}]]></GPOGuid><GPODomain><![CDATA[pharmgreen.org]]></GPODomain><GPODomainGuid><![CDATA[{30a9b849-5fce-4bec-afa0-5949f5a7e37f}]]></GPODomainGuid><GPODomainController><![CDATA[WINSERV.pharmgreen.org]]></GPODomainController><BackupTime><![CDATA[2024-06-24T09:19:50]]></BackupTime><ID><![CDATA[{D3FD5611-7808-42E0-B648-A218BF40D6A1}]]></ID><Comment><![CDATA[]]></Comment><GPODisplayName><![CDATA[Default Domain Policy]]></GPODisplayName></BackupInst><BackupInst><GPOGuid><![CDATA[{6AC1786C-016F-11D2-945F-00C04fB984F9}]]></GPOGuid><GPODomain><![CDATA[pharmgreen.org]]></GPODomain><GPODomainGuid><![CDATA[{30a9b849-5fce-4bec-afa0-5949f5a7e37f}]]></GPODomainGuid><GPODomainController><![CDATA[WINSERV.pharmgreen.org]]></GPODomainController><BackupTime><![CDATA[2024-06-24T09:19:48]]></BackupTime><ID><![CDATA[{544D1185-7677-4D11-9656-0F77F64D26D4}]]></ID><Comment><![CDATA[]]></Comment><GPODisplayName><![CDATA[Default Domain Controllers Policy]]></GPODisplayName></BackupInst></Backups>