<BackupInst xmlns="http://www.microsoft.com/GroupPolicy/GPOOperations/Manifest"><GPOGuid><![CDATA[{F102DA74-DC43-41C1-924B-623FDC26484D}]]></GPOGuid><GPODomain><![CDATA[pharmgreen.org]]></GPODomain><GPODomainGuid><![CDATA[{30a9b849-5fce-4bec-afa0-5949f5a7e37f}]]></GPODomainGuid><GPODomainController><![CDATA[WINSERV.pharmgreen.org]]></GPODomainController><BackupTime><![CDATA[2024-06-28T06:50:15]]></BackupTime><ID><![CDATA[{2158C4A8-DBDC-494D-B647-BCC5540242DD}]]></ID><Comment><![CDATA[backup 28062024]]></Comment><GPODisplayName><![CDATA[GPO_U_Wallpaper_Unique]]></GPODisplayName></BackupInst>
