<?xml version="1.0" encoding="utf-8"?>
<Drives clsid="{8FDDCC1A-0C3C-43cd-A6B4-71A6DF20DA8C}"><Drive clsid="{935D1B74-9CB8-4e3c-9914-7DD559B7A417}" name="N:" status="N:" image="1" changed="2024-06-04 13:05:51" uid="{8069ECD9-F2E2-4917-8DDB-16AF198C60A4}" userContext="1" bypassErrors="1"><Properties action="R" thisDrive="SHOW" allDrives="SHOW" userName="" path="\\Winserv\Communication$" label="Dossiers Communication" persistent="1" useLetter="1" letter="N"/><Filters><FilterGroup bool="AND" not="0" name="PHARMGREEN\GRP_U_Communication" sid="S-1-5-21-3577228347-813851686-2838426286-4061" userContext="1" primaryGroup="0" localGroup="0"/></Filters></Drive>
	<Drive clsid="{935D1B74-9CB8-4e3c-9914-7DD559B7A417}" name="M:" status="M:" image="1" changed="2024-06-05 14:04:58" uid="{221F736B-C3CD-4239-BD5A-07A369469B0E}" userContext="1" bypassErrors="1"><Properties action="R" thisDrive="SHOW" allDrives="SHOW" userName="" path="\\winserv\Publicite$" label="Service Publicité" persistent="0" useLetter="1" letter="M"/><Filters><FilterGroup bool="AND" not="0" name="PHARMGREEN\GRP_U_Publicite" sid="S-1-5-21-3577228347-813851686-2838426286-4063" userContext="1" primaryGroup="0" localGroup="0"/></Filters></Drive>
	<Drive clsid="{935D1B74-9CB8-4e3c-9914-7DD559B7A417}" name="M:" status="M:" image="1" changed="2024-06-05 14:06:14" uid="{8E510068-793C-4050-98F9-D69D1E5553F2}" userContext="1" bypassErrors="1"><Properties action="R" thisDrive="SHOW" allDrives="SHOW" userName="" path="\\winserv\Relation_Publique_Presse$" label="Service Relation Publique Presse" persistent="0" useLetter="1" letter="M"/><Filters><FilterGroup bool="AND" not="0" name="PHARMGREEN\GRP_U_Relation_Publique_Presse" sid="S-1-5-21-3577228347-813851686-2838426286-4069" userContext="1" primaryGroup="0" localGroup="0"/></Filters></Drive>
</Drives>
