<Backups xmlns="http://www.microsoft.com/GroupPolicy/GPOOperations/Manifest" xmlns:mfst="http://www.microsoft.com/GroupPolicy/GPOOperations/Manifest" mfst:version="1.0"><BackupInst><GPOGuid><![CDATA[{F102DA74-DC43-41C1-924B-623FDC26484D}]]></GPOGuid><GPODomain><![CDATA[pharmgreen.org]]></GPODomain><GPODomainGuid><![CDATA[{30a9b849-5fce-4bec-afa0-5949f5a7e37f}]]></GPODomainGuid><GPODomainController><![CDATA[WINSERV.pharmgreen.org]]></GPODomainController><BackupTime><![CDATA[2024-05-22T18:14:13]]></BackupTime><ID><![CDATA[{1367F69D-ED8E-4D6B-8BCC-99CC237BD50C}]]></ID><Comment><![CDATA[]]></Comment><GPODisplayName><![CDATA[GPO_Std_Wallpaper]]></GPODisplayName></BackupInst><BackupInst><GPOGuid><![CDATA[{7DC2F08C-0A68-40D5-BC35-722686E9634B}]]></GPOGuid><GPODomain><![CDATA[pharmgreen.org]]></GPODomain><GPODomainGuid><![CDATA[{30a9b849-5fce-4bec-afa0-5949f5a7e37f}]]></GPODomainGuid><GPODomainController><![CDATA[WINSERV.pharmgreen.org]]></GPODomainController><BackupTime><![CDATA[2024-05-22T18:14:13]]></BackupTime><ID><![CDATA[{8B27397F-5D51-4BF8-8EA3-B674492E3153}]]></ID><Comment><![CDATA[]]></Comment><GPODisplayName><![CDATA[GPO_Std_Parametres_Firefox]]></GPODisplayName></BackupInst><BackupInst><GPOGuid><![CDATA[{167BA9ED-D453-407B-B670-A8F2143E913B}]]></GPOGuid><GPODomain><![CDATA[pharmgreen.org]]></GPODomain><GPODomainGuid><![CDATA[{30a9b849-5fce-4bec-afa0-5949f5a7e37f}]]></GPODomainGuid><GPODomainController><![CDATA[WINSERV.pharmgreen.org]]></GPODomainController><BackupTime><![CDATA[2024-05-22T18:14:13]]></BackupTime><ID><![CDATA[{D0C8FD33-F92A-41DA-84AE-2B2854CBFD50}]]></ID><Comment><![CDATA[]]></Comment><GPODisplayName><![CDATA[GPO_Std_Imprimante]]></GPODisplayName></BackupInst><BackupInst><GPOGuid><![CDATA[{67CB8229-6530-49DF-B114-509771F5E6D9}]]></GPOGuid><GPODomain><![CDATA[pharmgreen.org]]></GPODomain><GPODomainGuid><![CDATA[{30a9b849-5fce-4bec-afa0-5949f5a7e37f}]]></GPODomainGuid><GPODomainController><![CDATA[WINSERV.pharmgreen.org]]></GPODomainController><BackupTime><![CDATA[2024-05-22T18:14:12]]></BackupTime><ID><![CDATA[{7DBF27BE-DEA9-482B-B17B-A7805EE63FBD}]]></ID><Comment><![CDATA[]]></Comment><GPODisplayName><![CDATA[GPO_Std_Firefox_defaut]]></GPODisplayName></BackupInst><BackupInst mfst:SIPresent="true"><GPOGuid><![CDATA[{A5C64773-44E6-4762-9746-2B551921B488}]]></GPOGuid><GPODomain><![CDATA[pharmgreen.org]]></GPODomain><GPODomainGuid><![CDATA[{30a9b849-5fce-4bec-afa0-5949f5a7e37f}]]></GPODomainGuid><GPODomainController><![CDATA[WINSERV.pharmgreen.org]]></GPODomainController><BackupTime><![CDATA[2024-05-22T18:14:12]]></BackupTime><ID><![CDATA[{CEFA5F47-5745-4129-B4B2-49D61AE47C9B}]]></ID><Comment><![CDATA[]]></Comment><GPODisplayName><![CDATA[GPO_Std_Dpl_Firefox]]></GPODisplayName></BackupInst><BackupInst mfst:SIPresent="true"><GPOGuid><![CDATA[{23A82BDE-1760-4C50-AACB-2A9C3B6B33B3}]]></GPOGuid><GPODomain><![CDATA[pharmgreen.org]]></GPODomain><GPODomainGuid><![CDATA[{30a9b849-5fce-4bec-afa0-5949f5a7e37f}]]></GPODomainGuid><GPODomainController><![CDATA[WINSERV.pharmgreen.org]]></GPODomainController><BackupTime><![CDATA[2024-05-22T18:14:11]]></BackupTime><ID><![CDATA[{2028BDF2-F635-4419-8821-C9EBF931B500}]]></ID><Comment><![CDATA[]]></Comment><GPODisplayName><![CDATA[GPO_Std_Dpl_7Zip]]></GPODisplayName></BackupInst><BackupInst><GPOGuid><![CDATA[{93DB2A0E-1958-47EF-BF58-BF08F021AB8E}]]></GPOGuid><GPODomain><![CDATA[pharmgreen.org]]></GPODomain><GPODomainGuid><![CDATA[{30a9b849-5fce-4bec-afa0-5949f5a7e37f}]]></GPODomainGuid><GPODomainController><![CDATA[WINSERV.pharmgreen.org]]></GPODomainController><BackupTime><![CDATA[2024-05-22T18:14:11]]></BackupTime><ID><![CDATA[{CD74294D-00F6-45BD-B82D-BC20FACDF052}]]></ID><Comment><![CDATA[]]></Comment><GPODisplayName><![CDATA[GPO_Std_Alimentation]]></GPODisplayName></BackupInst><BackupInst><GPOGuid><![CDATA[{A2AF96E1-C66A-4079-9985-D84631AD116A}]]></GPOGuid><GPODomain><![CDATA[pharmgreen.org]]></GPODomain><GPODomainGuid><![CDATA[{30a9b849-5fce-4bec-afa0-5949f5a7e37f}]]></GPODomainGuid><GPODomainController><![CDATA[WINSERV.pharmgreen.org]]></GPODomainController><BackupTime><![CDATA[2024-05-22T18:14:11]]></BackupTime><ID><![CDATA[{29810BD3-7D8E-4B0E-BB45-CF500C1158F7}]]></ID><Comment><![CDATA[]]></Comment><GPODisplayName><![CDATA[GPO_Secu_Verrouillage_de_Compte]]></GPODisplayName></BackupInst><BackupInst><GPOGuid><![CDATA[{40CCC225-3F05-4E9E-8EF4-5AAF61A8D414}]]></GPOGuid><GPODomain><![CDATA[pharmgreen.org]]></GPODomain><GPODomainGuid><![CDATA[{30a9b849-5fce-4bec-afa0-5949f5a7e37f}]]></GPODomainGuid><GPODomainController><![CDATA[WINSERV.pharmgreen.org]]></GPODomainController><BackupTime><![CDATA[2024-05-22T18:14:10]]></BackupTime><ID><![CDATA[{114AE070-EE3D-41C6-A096-E18116C00845}]]></ID><Comment><![CDATA[]]></Comment><GPODisplayName><![CDATA[GPO_Secu_Restriction_Software]]></GPODisplayName></BackupInst><BackupInst><GPOGuid><![CDATA[{D3813734-4A12-4A09-8891-64C22C8180A3}]]></GPOGuid><GPODomain><![CDATA[pharmgreen.org]]></GPODomain><GPODomainGuid><![CDATA[{30a9b849-5fce-4bec-afa0-5949f5a7e37f}]]></GPODomainGuid><GPODomainController><![CDATA[WINSERV.pharmgreen.org]]></GPODomainController><BackupTime><![CDATA[2024-05-22T18:14:09]]></BackupTime><ID><![CDATA[{F70DCCD9-D43B-4296-AB25-A9786995D2C1}]]></ID><Comment><![CDATA[]]></Comment><GPODisplayName><![CDATA[GPO_Secu_Regle_pare-feu]]></GPODisplayName></BackupInst><BackupInst><GPOGuid><![CDATA[{01359959-5EAF-4E9C-922B-5343580DF207}]]></GPOGuid><GPODomain><![CDATA[pharmgreen.org]]></GPODomain><GPODomainGuid><![CDATA[{30a9b849-5fce-4bec-afa0-5949f5a7e37f}]]></GPODomainGuid><GPODomainController><![CDATA[WINSERV.pharmgreen.org]]></GPODomainController><BackupTime><![CDATA[2024-05-22T18:14:09]]></BackupTime><ID><![CDATA[{2A112A15-3657-4368-9016-92E0B910C12D}]]></ID><Comment><![CDATA[]]></Comment><GPODisplayName><![CDATA[GPO_Secu_peripheriques_amovibles]]></GPODisplayName></BackupInst><BackupInst><GPOGuid><![CDATA[{5690E14C-9148-4CA1-A2FF-4FE952AB3283}]]></GPOGuid><GPODomain><![CDATA[pharmgreen.org]]></GPODomain><GPODomainGuid><![CDATA[{30a9b849-5fce-4bec-afa0-5949f5a7e37f}]]></GPODomainGuid><GPODomainController><![CDATA[WINSERV.pharmgreen.org]]></GPODomainController><BackupTime><![CDATA[2024-05-22T18:14:08]]></BackupTime><ID><![CDATA[{BC209E19-5EBF-4E90-9076-348B5001ECF0}]]></ID><Comment><![CDATA[]]></Comment><GPODisplayName><![CDATA[GPO_Secu_Panneau_configuration]]></GPODisplayName></BackupInst><BackupInst><GPOGuid><![CDATA[{4DD9080F-F797-44A8-98D8-64097C39A3CA}]]></GPOGuid><GPODomain><![CDATA[pharmgreen.org]]></GPODomain><GPODomainGuid><![CDATA[{30a9b849-5fce-4bec-afa0-5949f5a7e37f}]]></GPODomainGuid><GPODomainController><![CDATA[WINSERV.pharmgreen.org]]></GPODomainController><BackupTime><![CDATA[2024-05-22T18:14:07]]></BackupTime><ID><![CDATA[{F7A3A6A9-C613-46DB-9DD4-9B07FAA212AA}]]></ID><Comment><![CDATA[]]></Comment><GPODisplayName><![CDATA[GPO_Secu_Ecran_veille_avec_password]]></GPODisplayName></BackupInst><BackupInst><GPOGuid><![CDATA[{AF946479-98CB-4EED-B86F-626A3B75F877}]]></GPOGuid><GPODomain><![CDATA[pharmgreen.org]]></GPODomain><GPODomainGuid><![CDATA[{30a9b849-5fce-4bec-afa0-5949f5a7e37f}]]></GPODomainGuid><GPODomainController><![CDATA[WINSERV.pharmgreen.org]]></GPODomainController><BackupTime><![CDATA[2024-05-22T18:14:07]]></BackupTime><ID><![CDATA[{62A75D0F-AD61-4C1B-AE1B-20F219D39D29}]]></ID><Comment><![CDATA[]]></Comment><GPODisplayName><![CDATA[GPO_Secu_Blocage_wifi]]></GPODisplayName></BackupInst><BackupInst><GPOGuid><![CDATA[{89173211-ED6C-4BFF-A020-2F9A60C9BC3B}]]></GPOGuid><GPODomain><![CDATA[pharmgreen.org]]></GPODomain><GPODomainGuid><![CDATA[{30a9b849-5fce-4bec-afa0-5949f5a7e37f}]]></GPODomainGuid><GPODomainController><![CDATA[WINSERV.pharmgreen.org]]></GPODomainController><BackupTime><![CDATA[2024-05-22T18:14:07]]></BackupTime><ID><![CDATA[{D92D9335-8071-4068-AAC4-2F764EEB79A8}]]></ID><Comment><![CDATA[]]></Comment><GPODisplayName><![CDATA[GPO_Secu_Acces_Base_Registre]]></GPODisplayName></BackupInst><BackupInst><GPOGuid><![CDATA[{31B2F340-016D-11D2-945F-00C04FB984F9}]]></GPOGuid><GPODomain><![CDATA[pharmgreen.org]]></GPODomain><GPODomainGuid><![CDATA[{30a9b849-5fce-4bec-afa0-5949f5a7e37f}]]></GPODomainGuid><GPODomainController><![CDATA[WINSERV.pharmgreen.org]]></GPODomainController><BackupTime><![CDATA[2024-05-22T18:14:06]]></BackupTime><ID><![CDATA[{02B0DBC0-C093-472D-B9C4-74D5C41A5C7A}]]></ID><Comment><![CDATA[]]></Comment><GPODisplayName><![CDATA[Default Domain Policy]]></GPODisplayName></BackupInst><BackupInst><GPOGuid><![CDATA[{6AC1786C-016F-11D2-945F-00C04fB984F9}]]></GPOGuid><GPODomain><![CDATA[pharmgreen.org]]></GPODomain><GPODomainGuid><![CDATA[{30a9b849-5fce-4bec-afa0-5949f5a7e37f}]]></GPODomainGuid><GPODomainController><![CDATA[WINSERV.pharmgreen.org]]></GPODomainController><BackupTime><![CDATA[2024-05-22T18:14:04]]></BackupTime><ID><![CDATA[{12B5880D-B1C1-420A-9A4A-AD87A6788D69}]]></ID><Comment><![CDATA[]]></Comment><GPODisplayName><![CDATA[Default Domain Controllers Policy]]></GPODisplayName></BackupInst></Backups>