<BackupInst xmlns="http://www.microsoft.com/GroupPolicy/GPOOperations/Manifest"><GPOGuid><![CDATA[{AF3D64F6-7F4F-42A2-9302-CC8F2B0FCA6C}]]></GPOGuid><GPODomain><![CDATA[pharmgreen.org]]></GPODomain><GPODomainGuid><![CDATA[{30a9b849-5fce-4bec-afa0-5949f5a7e37f}]]></GPODomainGuid><GPODomainController><![CDATA[WINSERV.pharmgreen.org]]></GPODomainController><BackupTime><![CDATA[2024-06-24T09:19:54]]></BackupTime><ID><![CDATA[{2BB3E5F2-28C1-4474-84CD-D65CF6B47C71}]]></ID><Comment><![CDATA[]]></Comment><GPODisplayName><![CDATA[GPO_Mappage_Dossier_Dept_Serv_Juri]]></GPODisplayName></BackupInst>
