<?xml version="1.0" encoding="utf-8"?>
<Drives clsid="{8FDDCC1A-0C3C-43cd-A6B4-71A6DF20DA8C}"><Drive clsid="{935D1B74-9CB8-4e3c-9914-7DD559B7A417}" name="N:" status="N:" image="1" changed="2024-06-05 12:06:24" uid="{82033612-A8FE-42F0-A9CB-7C406709EE46}" userContext="1" bypassErrors="1"><Properties action="R" thisDrive="SHOW" allDrives="SHOW" userName="" path="\\WINSERV\Systemes_InFormation$" label="Dossiers SI" persistent="1" useLetter="1" letter="N"/><Filters><FilterGroup bool="AND" not="0" name="PHARMGREEN\GRP_U_Systemes_Information" sid="S-1-5-21-3577228347-813851686-2838426286-3380" userContext="1" primaryGroup="0" localGroup="0"/></Filters></Drive>
	<Drive clsid="{935D1B74-9CB8-4e3c-9914-7DD559B7A417}" name="M:" status="M:" image="1" changed="2024-06-05 14:33:47" uid="{C69405DA-D68F-4DAA-BF4A-652AEE7F873D}" userContext="1" bypassErrors="1"><Properties action="R" thisDrive="SHOW" allDrives="SHOW" userName="" path="\\WINSERV\Data$" label="Dossiers Data" persistent="1" useLetter="1" letter="M"/><Filters><FilterGroup bool="AND" not="0" name="PHARMGREEN\GRP_U_Data" sid="S-1-5-21-3577228347-813851686-2838426286-3382" userContext="1" primaryGroup="0" localGroup="0"/></Filters></Drive>
	<Drive clsid="{935D1B74-9CB8-4e3c-9914-7DD559B7A417}" name="M:" status="M:" image="1" changed="2024-06-05 14:34:27" uid="{5819327F-BAD5-4769-82B4-CDBE97EC3C4B}" userContext="1" bypassErrors="1"><Properties action="R" thisDrive="SHOW" allDrives="SHOW" userName="" path="\\WINSERV\Developpement_Logiciel$" label="Dossiers Developpement Logiciel" persistent="1" useLetter="1" letter="M"/><Filters><FilterGroup bool="AND" not="0" name="PHARMGREEN\GRP_U_Developpement_Logiciel" sid="S-1-5-21-3577228347-813851686-2838426286-3384" userContext="1" primaryGroup="0" localGroup="0"/></Filters></Drive>
	<Drive clsid="{935D1B74-9CB8-4e3c-9914-7DD559B7A417}" name="M:" status="M:" image="1" changed="2024-06-05 14:35:02" uid="{2B60F16A-6BDB-4DE5-9821-74F35503F068}" userContext="1" bypassErrors="1"><Properties action="R" thisDrive="SHOW" allDrives="SHOW" userName="" path="\\WINSERV\Systemes_Reseaux$" label="Dossiers Systèmes et Réseaux" persistent="1" useLetter="1" letter="M"/><Filters><FilterGroup bool="AND" not="0" name="PHARMGREEN\GRP_U_Systemes_Reseaux" sid="S-1-5-21-3577228347-813851686-2838426286-3386" userContext="1" primaryGroup="0" localGroup="0"/></Filters></Drive>
</Drives>
