<BackupInst xmlns="http://www.microsoft.com/GroupPolicy/GPOOperations/Manifest"><GPOGuid><![CDATA[{4B600F09-373A-4BD6-B290-6057BF0DBDE1}]]></GPOGuid><GPODomain><![CDATA[pharmgreen.org]]></GPODomain><GPODomainGuid><![CDATA[{30a9b849-5fce-4bec-afa0-5949f5a7e37f}]]></GPODomainGuid><GPODomainController><![CDATA[WINSERV.pharmgreen.org]]></GPODomainController><BackupTime><![CDATA[2024-06-24T09:19:53]]></BackupTime><ID><![CDATA[{32E2685B-380F-41C0-9847-9D794F7341FC}]]></ID><Comment><![CDATA[]]></Comment><GPODisplayName><![CDATA[GPO_Mappage_Dossier_Dept_Dir_Fin]]></GPODisplayName></BackupInst>
