<Backups xmlns="http://www.microsoft.com/GroupPolicy/GPOOperations/Manifest" xmlns:mfst="http://www.microsoft.com/GroupPolicy/GPOOperations/Manifest" mfst:version="1.0"><BackupInst><GPOGuid><![CDATA[{01359959-5EAF-4E9C-922B-5343580DF207}]]></GPOGuid><GPODomain><![CDATA[pharmgreen.org]]></GPODomain><GPODomainGuid><![CDATA[{30a9b849-5fce-4bec-afa0-5949f5a7e37f}]]></GPODomainGuid><GPODomainController><![CDATA[WINSERV.pharmgreen.org]]></GPODomainController><BackupTime><![CDATA[2024-06-05T07:46:00]]></BackupTime><ID><![CDATA[{EDFDA7B3-C6DD-4C92-8B85-019B6F5A5863}]]></ID><Comment><![CDATA[]]></Comment><GPODisplayName><![CDATA[GPO_UC_Blocage_Péripheriques_Amovibles]]></GPODisplayName></BackupInst><BackupInst><GPOGuid><![CDATA[{F102DA74-DC43-41C1-924B-623FDC26484D}]]></GPOGuid><GPODomain><![CDATA[pharmgreen.org]]></GPODomain><GPODomainGuid><![CDATA[{30a9b849-5fce-4bec-afa0-5949f5a7e37f}]]></GPODomainGuid><GPODomainController><![CDATA[WINSERV.pharmgreen.org]]></GPODomainController><BackupTime><![CDATA[2024-06-05T07:45:59]]></BackupTime><ID><![CDATA[{536D5A63-99DE-4F43-B031-B7CF5137DDA7}]]></ID><Comment><![CDATA[]]></Comment><GPODisplayName><![CDATA[GPO_U_Wallpaper_Unique]]></GPODisplayName></BackupInst><BackupInst><GPOGuid><![CDATA[{A7B6E7B9-CE46-44C1-8FFE-E4754EE831BA}]]></GPOGuid><GPODomain><![CDATA[pharmgreen.org]]></GPODomain><GPODomainGuid><![CDATA[{30a9b849-5fce-4bec-afa0-5949f5a7e37f}]]></GPODomainGuid><GPODomainController><![CDATA[WINSERV.pharmgreen.org]]></GPODomainController><BackupTime><![CDATA[2024-06-05T07:45:59]]></BackupTime><ID><![CDATA[{9FAA0C82-6820-4BD7-BB4B-6BE7011B9BA7}]]></ID><Comment><![CDATA[]]></Comment><GPODisplayName><![CDATA[GPO_U_Telemetrie]]></GPODisplayName></BackupInst><BackupInst><GPOGuid><![CDATA[{89173211-ED6C-4BFF-A020-2F9A60C9BC3B}]]></GPOGuid><GPODomain><![CDATA[pharmgreen.org]]></GPODomain><GPODomainGuid><![CDATA[{30a9b849-5fce-4bec-afa0-5949f5a7e37f}]]></GPODomainGuid><GPODomainController><![CDATA[WINSERV.pharmgreen.org]]></GPODomainController><BackupTime><![CDATA[2024-06-05T07:45:58]]></BackupTime><ID><![CDATA[{2828FB26-9EAC-4986-BE50-3395F31B3A7F}]]></ID><Comment><![CDATA[]]></Comment><GPODisplayName><![CDATA[GPO_U_Restriction_Acces_Base_Registre]]></GPODisplayName></BackupInst><BackupInst><GPOGuid><![CDATA[{4DD9080F-F797-44A8-98D8-64097C39A3CA}]]></GPOGuid><GPODomain><![CDATA[pharmgreen.org]]></GPODomain><GPODomainGuid><![CDATA[{30a9b849-5fce-4bec-afa0-5949f5a7e37f}]]></GPODomainGuid><GPODomainController><![CDATA[WINSERV.pharmgreen.org]]></GPODomainController><BackupTime><![CDATA[2024-06-05T07:45:57]]></BackupTime><ID><![CDATA[{437927CE-064D-47F6-9645-D5BE9920CB6F}]]></ID><Comment><![CDATA[]]></Comment><GPODisplayName><![CDATA[GPO_U_Ecran_veille_avec_password]]></GPODisplayName></BackupInst><BackupInst><GPOGuid><![CDATA[{5690E14C-9148-4CA1-A2FF-4FE952AB3283}]]></GPOGuid><GPODomain><![CDATA[pharmgreen.org]]></GPODomain><GPODomainGuid><![CDATA[{30a9b849-5fce-4bec-afa0-5949f5a7e37f}]]></GPODomainGuid><GPODomainController><![CDATA[WINSERV.pharmgreen.org]]></GPODomainController><BackupTime><![CDATA[2024-06-05T07:45:57]]></BackupTime><ID><![CDATA[{B3D4F036-B2DC-491C-9937-C2F15F7BB612}]]></ID><Comment><![CDATA[]]></Comment><GPODisplayName><![CDATA[GPO_U_Acces_Panneau_configuration]]></GPODisplayName></BackupInst><BackupInst><GPOGuid><![CDATA[{200F6BCC-882B-4EF2-B0D4-A5E84A2EEFCC}]]></GPOGuid><GPODomain><![CDATA[pharmgreen.org]]></GPODomain><GPODomainGuid><![CDATA[{30a9b849-5fce-4bec-afa0-5949f5a7e37f}]]></GPODomainGuid><GPODomainController><![CDATA[WINSERV.pharmgreen.org]]></GPODomainController><BackupTime><![CDATA[2024-06-05T07:45:56]]></BackupTime><ID><![CDATA[{6B7EEBF6-C110-4024-BF0B-4C8BFA4E706E}]]></ID><Comment><![CDATA[]]></Comment><GPODisplayName><![CDATA[GPO_Mappage_Dossier_Dept]]></GPODisplayName></BackupInst><BackupInst><GPOGuid><![CDATA[{638978C1-0C85-462A-BCEC-23E24BAFE3F9}]]></GPOGuid><GPODomain><![CDATA[pharmgreen.org]]></GPODomain><GPODomainGuid><![CDATA[{30a9b849-5fce-4bec-afa0-5949f5a7e37f}]]></GPODomainGuid><GPODomainController><![CDATA[WINSERV.pharmgreen.org]]></GPODomainController><BackupTime><![CDATA[2024-06-05T07:45:55]]></BackupTime><ID><![CDATA[{23301F51-7C78-425C-AC3E-F5C5B93E1AC8}]]></ID><Comment><![CDATA[]]></Comment><GPODisplayName><![CDATA[GPO_Dossier_Utilisateurs]]></GPODisplayName></BackupInst><BackupInst><GPOGuid><![CDATA[{E3056D12-A504-43F5-83D3-20E6CA721FD6}]]></GPOGuid><GPODomain><![CDATA[pharmgreen.org]]></GPODomain><GPODomainGuid><![CDATA[{30a9b849-5fce-4bec-afa0-5949f5a7e37f}]]></GPODomainGuid><GPODomainController><![CDATA[WINSERV.pharmgreen.org]]></GPODomainController><BackupTime><![CDATA[2024-06-05T07:45:54]]></BackupTime><ID><![CDATA[{720EE64B-EFC2-4C09-940A-B12AD74F351F}]]></ID><Comment><![CDATA[]]></Comment><GPODisplayName><![CDATA[GPO_C_Telemetrie]]></GPODisplayName></BackupInst><BackupInst><GPOGuid><![CDATA[{55F002DC-843B-422C-8E56-5CC8FA8E7160}]]></GPOGuid><GPODomain><![CDATA[pharmgreen.org]]></GPODomain><GPODomainGuid><![CDATA[{30a9b849-5fce-4bec-afa0-5949f5a7e37f}]]></GPODomainGuid><GPODomainController><![CDATA[WINSERV.pharmgreen.org]]></GPODomainController><BackupTime><![CDATA[2024-06-05T07:45:54]]></BackupTime><ID><![CDATA[{D4323F1E-1D7A-4F20-BC8E-25DA3505764B}]]></ID><Comment><![CDATA[]]></Comment><GPODisplayName><![CDATA[GPO_C_Serveur_NTP_Date_Time]]></GPODisplayName></BackupInst><BackupInst><GPOGuid><![CDATA[{40CCC225-3F05-4E9E-8EF4-5AAF61A8D414}]]></GPOGuid><GPODomain><![CDATA[pharmgreen.org]]></GPODomain><GPODomainGuid><![CDATA[{30a9b849-5fce-4bec-afa0-5949f5a7e37f}]]></GPODomainGuid><GPODomainController><![CDATA[WINSERV.pharmgreen.org]]></GPODomainController><BackupTime><![CDATA[2024-06-05T07:45:53]]></BackupTime><ID><![CDATA[{384B1962-BDF9-4E4C-AB6E-A990AF3B90E9}]]></ID><Comment><![CDATA[]]></Comment><GPODisplayName><![CDATA[GPO_C_Restriction_Software]]></GPODisplayName></BackupInst><BackupInst><GPOGuid><![CDATA[{D3813734-4A12-4A09-8891-64C22C8180A3}]]></GPOGuid><GPODomain><![CDATA[pharmgreen.org]]></GPODomain><GPODomainGuid><![CDATA[{30a9b849-5fce-4bec-afa0-5949f5a7e37f}]]></GPODomainGuid><GPODomainController><![CDATA[WINSERV.pharmgreen.org]]></GPODomainController><BackupTime><![CDATA[2024-06-05T07:45:53]]></BackupTime><ID><![CDATA[{4EE69432-C35D-4679-93CD-2100AC5FACF7}]]></ID><Comment><![CDATA[]]></Comment><GPODisplayName><![CDATA[GPO_C_Restriction_Acces_Firewall]]></GPODisplayName></BackupInst><BackupInst><GPOGuid><![CDATA[{7DC2F08C-0A68-40D5-BC35-722686E9634B}]]></GPOGuid><GPODomain><![CDATA[pharmgreen.org]]></GPODomain><GPODomainGuid><![CDATA[{30a9b849-5fce-4bec-afa0-5949f5a7e37f}]]></GPODomainGuid><GPODomainController><![CDATA[WINSERV.pharmgreen.org]]></GPODomainController><BackupTime><![CDATA[2024-06-05T07:45:52]]></BackupTime><ID><![CDATA[{2AF3F3D2-16E4-4FB8-AD69-5AB0696FF0EC}]]></ID><Comment><![CDATA[]]></Comment><GPODisplayName><![CDATA[GPO_C_Parametres_Firefox]]></GPODisplayName></BackupInst><BackupInst><GPOGuid><![CDATA[{93DB2A0E-1958-47EF-BF58-BF08F021AB8E}]]></GPOGuid><GPODomain><![CDATA[pharmgreen.org]]></GPODomain><GPODomainGuid><![CDATA[{30a9b849-5fce-4bec-afa0-5949f5a7e37f}]]></GPODomainGuid><GPODomainController><![CDATA[WINSERV.pharmgreen.org]]></GPODomainController><BackupTime><![CDATA[2024-06-05T07:45:51]]></BackupTime><ID><![CDATA[{6F8B0349-6B4C-4BAB-8458-B7B851DB7A29}]]></ID><Comment><![CDATA[]]></Comment><GPODisplayName><![CDATA[GPO_C_Gestion_Alimentation]]></GPODisplayName></BackupInst><BackupInst><GPOGuid><![CDATA[{67CB8229-6530-49DF-B114-509771F5E6D9}]]></GPOGuid><GPODomain><![CDATA[pharmgreen.org]]></GPODomain><GPODomainGuid><![CDATA[{30a9b849-5fce-4bec-afa0-5949f5a7e37f}]]></GPODomainGuid><GPODomainController><![CDATA[WINSERV.pharmgreen.org]]></GPODomainController><BackupTime><![CDATA[2024-06-05T07:45:50]]></BackupTime><ID><![CDATA[{95DD2308-3758-4174-A3AB-8244F9EF00E1}]]></ID><Comment><![CDATA[]]></Comment><GPODisplayName><![CDATA[GPO_C_Firefox_Par_Defaut]]></GPODisplayName></BackupInst><BackupInst mfst:SIPresent="true"><GPOGuid><![CDATA[{A5C64773-44E6-4762-9746-2B551921B488}]]></GPOGuid><GPODomain><![CDATA[pharmgreen.org]]></GPODomain><GPODomainGuid><![CDATA[{30a9b849-5fce-4bec-afa0-5949f5a7e37f}]]></GPODomainGuid><GPODomainController><![CDATA[WINSERV.pharmgreen.org]]></GPODomainController><BackupTime><![CDATA[2024-06-05T07:45:50]]></BackupTime><ID><![CDATA[{0AC63BF1-EB44-4987-A1DE-B5E52583E999}]]></ID><Comment><![CDATA[]]></Comment><GPODisplayName><![CDATA[GPO_C_Dpl_Firefox]]></GPODisplayName></BackupInst><BackupInst mfst:SIPresent="true"><GPOGuid><![CDATA[{23A82BDE-1760-4C50-AACB-2A9C3B6B33B3}]]></GPOGuid><GPODomain><![CDATA[pharmgreen.org]]></GPODomain><GPODomainGuid><![CDATA[{30a9b849-5fce-4bec-afa0-5949f5a7e37f}]]></GPODomainGuid><GPODomainController><![CDATA[WINSERV.pharmgreen.org]]></GPODomainController><BackupTime><![CDATA[2024-06-05T07:45:49]]></BackupTime><ID><![CDATA[{F568A083-ACE1-40D1-9C7A-B02A596F7EFE}]]></ID><Comment><![CDATA[]]></Comment><GPODisplayName><![CDATA[GPO_C_Dpl_7Zip]]></GPODisplayName></BackupInst><BackupInst><GPOGuid><![CDATA[{A59C2A92-D6E3-4BE1-90B1-798D5B5E8488}]]></GPOGuid><GPODomain><![CDATA[pharmgreen.org]]></GPODomain><GPODomainGuid><![CDATA[{30a9b849-5fce-4bec-afa0-5949f5a7e37f}]]></GPODomainGuid><GPODomainController><![CDATA[WINSERV.pharmgreen.org]]></GPODomainController><BackupTime><![CDATA[2024-06-05T07:45:49]]></BackupTime><ID><![CDATA[{46AAD935-22AC-4363-BB95-D3AC658B42BB}]]></ID><Comment><![CDATA[]]></Comment><GPODisplayName><![CDATA[GPO_C_Blocage_Edge]]></GPODisplayName></BackupInst><BackupInst><GPOGuid><![CDATA[{31B2F340-016D-11D2-945F-00C04FB984F9}]]></GPOGuid><GPODomain><![CDATA[pharmgreen.org]]></GPODomain><GPODomainGuid><![CDATA[{30a9b849-5fce-4bec-afa0-5949f5a7e37f}]]></GPODomainGuid><GPODomainController><![CDATA[WINSERV.pharmgreen.org]]></GPODomainController><BackupTime><![CDATA[2024-06-05T07:45:48]]></BackupTime><ID><![CDATA[{93550F61-50E2-43D4-AD0E-82E6FB6F9F78}]]></ID><Comment><![CDATA[]]></Comment><GPODisplayName><![CDATA[Default Domain Policy]]></GPODisplayName></BackupInst><BackupInst><GPOGuid><![CDATA[{6AC1786C-016F-11D2-945F-00C04fB984F9}]]></GPOGuid><GPODomain><![CDATA[pharmgreen.org]]></GPODomain><GPODomainGuid><![CDATA[{30a9b849-5fce-4bec-afa0-5949f5a7e37f}]]></GPODomainGuid><GPODomainController><![CDATA[WINSERV.pharmgreen.org]]></GPODomainController><BackupTime><![CDATA[2024-06-05T07:45:46]]></BackupTime><ID><![CDATA[{C788DE7B-C121-4BDE-B8C7-9271C9C185AD}]]></ID><Comment><![CDATA[]]></Comment><GPODisplayName><![CDATA[Default Domain Controllers Policy]]></GPODisplayName></BackupInst></Backups>