<BackupInst xmlns="http://www.microsoft.com/GroupPolicy/GPOOperations/Manifest"><GPOGuid><![CDATA[{67CB8229-6530-49DF-B114-509771F5E6D9}]]></GPOGuid><GPODomain><![CDATA[pharmgreen.org]]></GPODomain><GPODomainGuid><![CDATA[{30a9b849-5fce-4bec-afa0-5949f5a7e37f}]]></GPODomainGuid><GPODomainController><![CDATA[WINSERV.pharmgreen.org]]></GPODomainController><BackupTime><![CDATA[2024-05-23T08:42:16]]></BackupTime><ID><![CDATA[{E691D6B5-33F8-49A4-81C4-72752AB7995B}]]></ID><Comment><![CDATA[]]></Comment><GPODisplayName><![CDATA[GPO_Std_Firefox_defaut]]></GPODisplayName></BackupInst>
