<?xml version="1.0" encoding="utf-8"?><!-- Copyright (c) Microsoft Corporation.  All rights reserved. --><GroupPolicyBackupScheme bkp:version="2.0" bkp:type="GroupPolicyBackupTemplate" xmlns:bkp="http://www.microsoft.com/GroupPolicy/GPOOperations" xmlns="http://www.microsoft.com/GroupPolicy/GPOOperations">
    <GroupPolicyObject><SecurityGroups><Group bkp:Source="FromDACL"><Sid><![CDATA[S-1-5-21-3577228347-813851686-2838426286-519]]></Sid><SamAccountName><![CDATA[Enterprise Admins]]></SamAccountName><Type><![CDATA[UniversalGroup]]></Type><NetBIOSDomainName><![CDATA[PHARMGREEN]]></NetBIOSDomainName><DnsDomainName><![CDATA[pharmgreen.org]]></DnsDomainName><UPN><![CDATA[Enterprise Admins@pharmgreen.org]]></UPN></Group><Group bkp:Source="FromDACL"><Sid><![CDATA[S-1-5-21-3577228347-813851686-2838426286-512]]></Sid><SamAccountName><![CDATA[Domain Admins]]></SamAccountName><Type><![CDATA[GlobalGroup]]></Type><NetBIOSDomainName><![CDATA[PHARMGREEN]]></NetBIOSDomainName><DnsDomainName><![CDATA[pharmgreen.org]]></DnsDomainName><UPN><![CDATA[Domain Admins@pharmgreen.org]]></UPN></Group></SecurityGroups><FilePaths/><GroupPolicyCoreSettings><ID><![CDATA[{40CCC225-3F05-4E9E-8EF4-5AAF61A8D414}]]></ID><Domain><![CDATA[pharmgreen.org]]></Domain><SecurityDescriptor>01 00 04 9c 00 00 00 00 00 00 00 00 00 00 00 00 14 00 00 00 04 00 ec 00 08 00 00 00 05 02 28 00 00 01 00 00 01 00 00 00 8f fd ac ed b3 ff d1 11 b4 1d 00 a0 c9 68 f9 39 01 01 00 00 00 00 00 05 0b 00 00 00 00 00 24 00 ff 00 0f 00 01 05 00 00 00 00 00 05 15 00 00 00 3b 2c 38 d5 26 64 82 30 ae f2 2e a9 00 02 00 00 00 02 24 00 ff 00 0f 00 01 05 00 00 00 00 00 05 15 00 00 00 3b 2c 38 d5 26 64 82 30 ae f2 2e a9 00 02 00 00 00 02 24 00 ff 00 0f 00 01 05 00 00 00 00 00 05 15 00 00 00 3b 2c 38 d5 26 64 82 30 ae f2 2e a9 07 02 00 00 00 02 14 00 94 00 02 00 01 01 00 00 00 00 00 05 09 00 00 00 00 02 14 00 94 00 02 00 01 01 00 00 00 00 00 05 0b 00 00 00 00 02 14 00 ff 00 0f 00 01 01 00 00 00 00 00 05 12 00 00 00 00 0a 14 00 ff 00 0f 00 01 01 00 00 00 00 00 03 00 00 00 00</SecurityDescriptor><DisplayName><![CDATA[GPO_Secu_Restriction_Software]]></DisplayName><Options><![CDATA[0]]></Options><UserVersionNumber><![CDATA[0]]></UserVersionNumber><MachineVersionNumber><![CDATA[1835036]]></MachineVersionNumber><MachineExtensionGuids><![CDATA[[{35378EAC-683F-11D2-A89A-00C04FBBCFA2}{53D6AB1D-2488-11D1-A28C-00C04FB94F17}][{B1BE8D72-6EAC-11D2-A4EA-00C04F79F83A}{53D6AB1D-2488-11D1-A28C-00C04FB94F17}]]]></MachineExtensionGuids><UserExtensionGuids/><WMIFilter/></GroupPolicyCoreSettings> 
        <GroupPolicyExtension bkp:ID="{35378EAC-683F-11D2-A89A-00C04FBBCFA2}" bkp:DescName="Registry">
            <FSObjectFile bkp:Path="%GPO_MACH_FSPATH%\registry.pol" bkp:SourceExpandedPath="\\WINSERV.pharmgreen.org\sysvol\pharmgreen.org\Policies\{40CCC225-3F05-4E9E-8EF4-5AAF61A8D414}\Machine\registry.pol" bkp:Location="DomainSysvol\GPO\Machine\registry.pol"/>
            
            <FSObjectFile bkp:Path="%GPO_FSPATH%\Adm\*.*" bkp:SourceExpandedPath="\\WINSERV.pharmgreen.org\sysvol\pharmgreen.org\Policies\{40CCC225-3F05-4E9E-8EF4-5AAF61A8D414}\Adm\*.*"/>
        </GroupPolicyExtension>
        
        
        
        
        
        
        
        
        
    <GroupPolicyExtension bkp:ID="{F15C46CD-82A0-4C2D-A210-5D0D3182A418}" bkp:DescName="Unknown Extension"><FSObjectDir bkp:Path="%GPO_MACH_FSPATH%\Applications" bkp:SourceExpandedPath="\\WINSERV.pharmgreen.org\sysvol\pharmgreen.org\Policies\{40CCC225-3F05-4E9E-8EF4-5AAF61A8D414}\Machine\Applications" bkp:Location="DomainSysvol\GPO\Machine\Applications"/><FSObjectDir bkp:Path="%GPO_MACH_FSPATH%\Microsoft" bkp:SourceExpandedPath="\\WINSERV.pharmgreen.org\sysvol\pharmgreen.org\Policies\{40CCC225-3F05-4E9E-8EF4-5AAF61A8D414}\Machine\Microsoft" bkp:Location="DomainSysvol\GPO\Machine\Microsoft"/><FSObjectDir bkp:Path="%GPO_MACH_FSPATH%\Microsoft\Windows NT" bkp:SourceExpandedPath="\\WINSERV.pharmgreen.org\sysvol\pharmgreen.org\Policies\{40CCC225-3F05-4E9E-8EF4-5AAF61A8D414}\Machine\Microsoft\Windows NT" bkp:Location="DomainSysvol\GPO\Machine\Microsoft\Windows NT"/><FSObjectDir bkp:Path="%GPO_MACH_FSPATH%\Microsoft\Windows NT\SecEdit" bkp:SourceExpandedPath="\\WINSERV.pharmgreen.org\sysvol\pharmgreen.org\Policies\{40CCC225-3F05-4E9E-8EF4-5AAF61A8D414}\Machine\Microsoft\Windows NT\SecEdit" bkp:Location="DomainSysvol\GPO\Machine\Microsoft\Windows NT\SecEdit"/><FSObjectFile bkp:Path="%GPO_MACH_FSPATH%\Microsoft\Windows NT\SecEdit\GptTmpl.inf" bkp:SourceExpandedPath="\\WINSERV.pharmgreen.org\sysvol\pharmgreen.org\Policies\{40CCC225-3F05-4E9E-8EF4-5AAF61A8D414}\Machine\Microsoft\Windows NT\SecEdit\GptTmpl.inf" bkp:Location="DomainSysvol\GPO\Machine\Microsoft\Windows NT\SecEdit\GptTmpl.inf"/><FSObjectDir bkp:Path="%GPO_MACH_FSPATH%\Scripts" bkp:SourceExpandedPath="\\WINSERV.pharmgreen.org\sysvol\pharmgreen.org\Policies\{40CCC225-3F05-4E9E-8EF4-5AAF61A8D414}\Machine\Scripts" bkp:Location="DomainSysvol\GPO\Machine\Scripts"/><FSObjectDir bkp:Path="%GPO_MACH_FSPATH%\Scripts\Shutdown" bkp:SourceExpandedPath="\\WINSERV.pharmgreen.org\sysvol\pharmgreen.org\Policies\{40CCC225-3F05-4E9E-8EF4-5AAF61A8D414}\Machine\Scripts\Shutdown" bkp:Location="DomainSysvol\GPO\Machine\Scripts\Shutdown"/><FSObjectDir bkp:Path="%GPO_MACH_FSPATH%\Scripts\Startup" bkp:SourceExpandedPath="\\WINSERV.pharmgreen.org\sysvol\pharmgreen.org\Policies\{40CCC225-3F05-4E9E-8EF4-5AAF61A8D414}\Machine\Scripts\Startup" bkp:Location="DomainSysvol\GPO\Machine\Scripts\Startup"/></GroupPolicyExtension></GroupPolicyObject>
</GroupPolicyBackupScheme>