<?xml version="1.0" encoding="utf-8"?>
<Drives clsid="{8FDDCC1A-0C3C-43cd-A6B4-71A6DF20DA8C}"><Drive clsid="{935D1B74-9CB8-4e3c-9914-7DD559B7A417}" name="N:" status="N:" image="1" changed="2024-06-05 12:05:40" uid="{D5C026ED-971C-4D3B-A1D3-3534B63CB50F}" userContext="1" bypassErrors="1"><Properties action="R" thisDrive="SHOW" allDrives="SHOW" userName="" path="\\WINSERV\Services_Generaux$" label="Dossiers SG" persistent="1" useLetter="1" letter="N"/><Filters><FilterGroup bool="AND" not="0" name="PHARMGREEN\GRP_U_Services_Generaux" sid="S-1-5-21-3577228347-813851686-2838426286-3374" userContext="1" primaryGroup="0" localGroup="0"/></Filters></Drive>
	<Drive clsid="{935D1B74-9CB8-4e3c-9914-7DD559B7A417}" name="M:" status="M:" image="1" changed="2024-06-05 14:31:40" uid="{6A6EC9ED-4FAD-4CF6-B788-CB3132456069}" userContext="1" bypassErrors="1"><Properties action="R" thisDrive="SHOW" allDrives="SHOW" userName="" path="\\WINSERV\Gestion_Immobiliere$" label="Dossiers Gestion_Immobiliere" persistent="1" useLetter="1" letter="M"/><Filters><FilterGroup bool="AND" not="0" name="PHARMGREEN\GRP_U_Gestion_Immobiliere" sid="S-1-5-21-3577228347-813851686-2838426286-3378" userContext="1" primaryGroup="0" localGroup="0"/></Filters></Drive>
	<Drive clsid="{935D1B74-9CB8-4e3c-9914-7DD559B7A417}" name="M:" status="M:" image="1" changed="2024-06-05 14:33:03" uid="{3F867487-F57C-4F02-B925-59E0B31C865C}" userContext="1" bypassErrors="1"><Properties action="R" thisDrive="SHOW" allDrives="SHOW" userName="" path="\\WINSERV\Logistique$" label="Dossiers Logistique" persistent="1" useLetter="1" letter="M"/><Filters><FilterGroup bool="AND" not="0" name="PHARMGREEN\GRP_U_Logistique" sid="S-1-5-21-3577228347-813851686-2838426286-3375" userContext="1" primaryGroup="0" localGroup="0"/></Filters></Drive>
</Drives>
