<?xml version="1.0" encoding="utf-8"?>
<Drives clsid="{8FDDCC1A-0C3C-43cd-A6B4-71A6DF20DA8C}"><Drive clsid="{935D1B74-9CB8-4e3c-9914-7DD559B7A417}" name="N:" status="N:" image="1" changed="2024-06-05 12:04:59" uid="{6AD886CA-4122-48A0-A5E7-0F4C3D3391DA}" userContext="1" bypassErrors="1"><Properties action="R" thisDrive="SHOW" allDrives="SHOW" userName="" path="\\WINSERV\Service_Juridique$" label="Dossiers Services Juridiques" persistent="1" useLetter="1" letter="N"/><Filters><FilterGroup bool="AND" not="0" name="PHARMGREEN\GRP_U_Service_Juridique" sid="S-1-5-21-3577228347-813851686-2838426286-3388" userContext="1" primaryGroup="0" localGroup="0"/></Filters></Drive>
	<Drive clsid="{935D1B74-9CB8-4e3c-9914-7DD559B7A417}" name="M:" status="M:" image="1" changed="2024-06-05 14:28:44" uid="{E053C68E-BB7D-4FC9-964C-34D27300CFAD}" userContext="1" bypassErrors="1"><Properties action="R" thisDrive="SHOW" allDrives="SHOW" userName="" path="\\WINSERV\Contentieux$" label="Dossiers Contentieux" persistent="1" useLetter="1" letter="M"/><Filters><FilterGroup bool="AND" not="0" name="PHARMGREEN\GRP_U_Contentieux" sid="S-1-5-21-3577228347-813851686-2838426286-3392" userContext="1" primaryGroup="0" localGroup="0"/></Filters></Drive>
	<Drive clsid="{935D1B74-9CB8-4e3c-9914-7DD559B7A417}" name="M:" status="M:" image="1" changed="2024-06-05 14:29:45" uid="{05E7497E-313F-48B0-A2F7-C076642A3815}" userContext="1" bypassErrors="1"><Properties action="R" thisDrive="SHOW" allDrives="SHOW" userName="" path="\\WINSERV\Contrats$" label="Dossiers Contrats" persistent="1" useLetter="1" letter="M"/><Filters><FilterGroup bool="AND" not="0" name="PHARMGREEN\GRP_U_Contrats" sid="S-1-5-21-3577228347-813851686-2838426286-3389" userContext="1" primaryGroup="0" localGroup="0"/></Filters></Drive>
</Drives>
