<BackupInst xmlns="http://www.microsoft.com/GroupPolicy/GPOOperations/Manifest"><GPOGuid><![CDATA[{31B2F340-016D-11D2-945F-00C04FB984F9}]]></GPOGuid><GPODomain><![CDATA[pharmgreen.org]]></GPODomain><GPODomainGuid><![CDATA[{30a9b849-5fce-4bec-afa0-5949f5a7e37f}]]></GPODomainGuid><GPODomainController><![CDATA[WINSERV.pharmgreen.org]]></GPODomainController><BackupTime><![CDATA[2024-06-07T06:29:19]]></BackupTime><ID><![CDATA[{E0BF2EC2-479A-4D6F-B795-D3951F107CE6}]]></ID><Comment><![CDATA[backup 07/06/24]]></Comment><GPODisplayName><![CDATA[Default Domain Policy]]></GPODisplayName></BackupInst>
