<BackupInst xmlns="http://www.microsoft.com/GroupPolicy/GPOOperations/Manifest"><GPOGuid><![CDATA[{A59C2A92-D6E3-4BE1-90B1-798D5B5E8488}]]></GPOGuid><GPODomain><![CDATA[pharmgreen.org]]></GPODomain><GPODomainGuid><![CDATA[{30a9b849-5fce-4bec-afa0-5949f5a7e37f}]]></GPODomainGuid><GPODomainController><![CDATA[WINSERV.pharmgreen.org]]></GPODomainController><BackupTime><![CDATA[2024-06-05T15:00:01]]></BackupTime><ID><![CDATA[{E1E5D6A3-E10C-413F-9E65-749EC5F19E89}]]></ID><Comment><![CDATA[backup s13]]></Comment><GPODisplayName><![CDATA[GPO_C_Blocage_Edge]]></GPODisplayName></BackupInst>
