<?xml version="1.0" encoding="utf-8"?>
<Drives clsid="{8FDDCC1A-0C3C-43cd-A6B4-71A6DF20DA8C}"><Drive clsid="{935D1B74-9CB8-4e3c-9914-7DD559B7A417}" name="N:" status="N:" image="1" changed="2024-06-12 12:43:40" uid="{F8E062F6-E4A7-4C18-9D12-C891BA2715CA}" userContext="1" bypassErrors="1"><Properties action="R" thisDrive="SHOW" allDrives="SHOW" userName="" path="\\WINSERV\Ressources_Humaines$" label="Dossiers RH" persistent="1" useLetter="1" letter="N"/><Filters><FilterGroup bool="AND" not="0" name="PHARMGREEN\GRP_U_Direction_Ressources_Humaines" sid="S-1-5-21-3577228347-813851686-2838426286-3361" userContext="1" primaryGroup="0" localGroup="0"/></Filters></Drive>
	<Drive clsid="{935D1B74-9CB8-4e3c-9914-7DD559B7A417}" name="M:" status="M:" image="1" changed="2024-06-05 14:20:12" uid="{E1596680-5D56-466A-BF65-73EA6D819F87}" userContext="1" bypassErrors="1"><Properties action="R" thisDrive="SHOW" allDrives="SHOW" userName="" path="\\WINSERV\Formation$" label="Dossiers Formation" persistent="1" useLetter="1" letter="M"/><Filters><FilterGroup bool="AND" not="0" name="PHARMGREEN\GRP_U_Formation" sid="S-1-5-21-3577228347-813851686-2838426286-3364" userContext="1" primaryGroup="0" localGroup="0"/></Filters></Drive>
	<Drive clsid="{935D1B74-9CB8-4e3c-9914-7DD559B7A417}" name="M:" status="M:" image="1" changed="2024-06-05 14:21:03" uid="{2989CD95-467D-413C-97A6-19D1E4909154}" userContext="1" bypassErrors="1"><Properties action="R" thisDrive="SHOW" allDrives="SHOW" userName="" path="\\WINSERV\Gestion_Performances$" label="Dossiers Gestion_Performances" persistent="1" useLetter="1" letter="M"/><Filters><FilterGroup bool="AND" not="0" name="PHARMGREEN\GRP_U_Gestion_Performances" sid="S-1-5-21-3577228347-813851686-2838426286-3366" userContext="1" primaryGroup="0" localGroup="0"/></Filters></Drive>
	<Drive clsid="{935D1B74-9CB8-4e3c-9914-7DD559B7A417}" name="M:" status="M:" image="1" changed="2024-06-12 12:43:31" uid="{3D2EBEFA-9CBB-4566-828C-B8A48661D378}" userContext="1" bypassErrors="1"><Properties action="R" thisDrive="SHOW" allDrives="SHOW" userName="" path="\\WINSERV\Recrutement$" label="Dossier Service  Recrutement" persistent="1" useLetter="1" letter="M"/><Filters><FilterGroup bool="AND" not="0" name="PHARMGREEN\GRP_U_Service_Recrutement" sid="S-1-5-21-3577228347-813851686-2838426286-3368" userContext="1" primaryGroup="0" localGroup="0"/></Filters></Drive>
	<Drive clsid="{935D1B74-9CB8-4e3c-9914-7DD559B7A417}" name="M:" status="M:" image="1" changed="2024-06-05 14:26:27" uid="{37E4A5A3-E3F1-4E03-A175-160FD8FEFF5A}" userContext="1" bypassErrors="1"><Properties action="R" thisDrive="SHOW" allDrives="SHOW" userName="" path="\\WINSERV\Sante_Securite_Travail$" label="Dossiers Sante Securite Travail" persistent="1" useLetter="1" letter="M"/><Filters><FilterGroup bool="AND" not="0" name="PHARMGREEN\GRP_U_Sante_Securite_Travail" sid="S-1-5-21-3577228347-813851686-2838426286-3370" userContext="1" primaryGroup="0" localGroup="0"/></Filters></Drive>
</Drives>
