<BackupInst xmlns="http://www.microsoft.com/GroupPolicy/GPOOperations/Manifest"><GPOGuid><![CDATA[{7DC2F08C-0A68-40D5-BC35-722686E9634B}]]></GPOGuid><GPODomain><![CDATA[pharmgreen.org]]></GPODomain><GPODomainGuid><![CDATA[{30a9b849-5fce-4bec-afa0-5949f5a7e37f}]]></GPODomainGuid><GPODomainController><![CDATA[WINSERV.pharmgreen.org]]></GPODomainController><BackupTime><![CDATA[2024-06-28T06:50:11]]></BackupTime><ID><![CDATA[{3AE955D1-B8E6-4B95-9AC7-9611DDF463EC}]]></ID><Comment><![CDATA[backup 28062024]]></Comment><GPODisplayName><![CDATA[GPO_C_Parametres_Firefox]]></GPODisplayName></BackupInst>
