<BackupInst xmlns="http://www.microsoft.com/GroupPolicy/GPOOperations/Manifest"><GPOGuid><![CDATA[{55F002DC-843B-422C-8E56-5CC8FA8E7160}]]></GPOGuid><GPODomain><![CDATA[pharmgreen.org]]></GPODomain><GPODomainGuid><![CDATA[{30a9b849-5fce-4bec-afa0-5949f5a7e37f}]]></GPODomainGuid><GPODomainController><![CDATA[WINSERV.pharmgreen.org]]></GPODomainController><BackupTime><![CDATA[2024-06-24T09:19:52]]></BackupTime><ID><![CDATA[{0C9925B5-1042-4253-A146-9D2378A7A161}]]></ID><Comment><![CDATA[]]></Comment><GPODisplayName><![CDATA[GPO_C_Serveur_NTP_Date_Time]]></GPODisplayName></BackupInst>
