<BackupInst xmlns="http://www.microsoft.com/GroupPolicy/GPOOperations/Manifest"><GPOGuid><![CDATA[{F102DA74-DC43-41C1-924B-623FDC26484D}]]></GPOGuid><GPODomain><![CDATA[pharmgreen.org]]></GPODomain><GPODomainGuid><![CDATA[{30a9b849-5fce-4bec-afa0-5949f5a7e37f}]]></GPODomainGuid><GPODomainController><![CDATA[WINSERV.pharmgreen.org]]></GPODomainController><BackupTime><![CDATA[2024-05-23T08:42:17]]></BackupTime><ID><![CDATA[{5BDFDEA5-BB5D-4296-9901-4D98371BFDFB}]]></ID><Comment><![CDATA[]]></Comment><GPODisplayName><![CDATA[GPO_Std_Wallpaper]]></GPODisplayName></BackupInst>
