<BackupInst xmlns="http://www.microsoft.com/GroupPolicy/GPOOperations/Manifest"><GPOGuid><![CDATA[{55F002DC-843B-422C-8E56-5CC8FA8E7160}]]></GPOGuid><GPODomain><![CDATA[pharmgreen.org]]></GPODomain><GPODomainGuid><![CDATA[{30a9b849-5fce-4bec-afa0-5949f5a7e37f}]]></GPODomainGuid><GPODomainController><![CDATA[WINSERV.pharmgreen.org]]></GPODomainController><BackupTime><![CDATA[2024-06-07T06:29:19]]></BackupTime><ID><![CDATA[{6DCE2A10-03CB-4FEB-881A-7FE5DB8775E1}]]></ID><Comment><![CDATA[backup 07/06/24]]></Comment><GPODisplayName><![CDATA[GPO_C_Serveur_NTP_Date_Time]]></GPODisplayName></BackupInst>
