<BackupInst xmlns="http://www.microsoft.com/GroupPolicy/GPOOperations/Manifest"><GPOGuid><![CDATA[{A7B6E7B9-CE46-44C1-8FFE-E4754EE831BA}]]></GPOGuid><GPODomain><![CDATA[pharmgreen.org]]></GPODomain><GPODomainGuid><![CDATA[{30a9b849-5fce-4bec-afa0-5949f5a7e37f}]]></GPODomainGuid><GPODomainController><![CDATA[WINSERV.pharmgreen.org]]></GPODomainController><BackupTime><![CDATA[2024-06-05T15:00:02]]></BackupTime><ID><![CDATA[{B7CB5D18-8DD1-4F54-8358-BCF3A6E1A44D}]]></ID><Comment><![CDATA[backup s13]]></Comment><GPODisplayName><![CDATA[GPO_U_Telemetrie]]></GPODisplayName></BackupInst>
