<BackupInst xmlns="http://www.microsoft.com/GroupPolicy/GPOOperations/Manifest"><GPOGuid><![CDATA[{D3813734-4A12-4A09-8891-64C22C8180A3}]]></GPOGuid><GPODomain><![CDATA[pharmgreen.org]]></GPODomain><GPODomainGuid><![CDATA[{30a9b849-5fce-4bec-afa0-5949f5a7e37f}]]></GPODomainGuid><GPODomainController><![CDATA[WINSERV.pharmgreen.org]]></GPODomainController><BackupTime><![CDATA[2024-05-23T08:42:16]]></BackupTime><ID><![CDATA[{BFC93954-53D0-4643-BC5C-A886E624AA31}]]></ID><Comment><![CDATA[]]></Comment><GPODisplayName><![CDATA[GPO_Secu_Regle_pare-feu]]></GPODisplayName></BackupInst>
