<BackupInst xmlns="http://www.microsoft.com/GroupPolicy/GPOOperations/Manifest"><GPOGuid><![CDATA[{3142BBAB-0A22-463C-9422-E6C5FFBB1B1D}]]></GPOGuid><GPODomain><![CDATA[pharmgreen.org]]></GPODomain><GPODomainGuid><![CDATA[{30a9b849-5fce-4bec-afa0-5949f5a7e37f}]]></GPODomainGuid><GPODomainController><![CDATA[WINSERV.pharmgreen.org]]></GPODomainController><BackupTime><![CDATA[2024-06-07T06:29:20]]></BackupTime><ID><![CDATA[{017679B5-CA20-4AF0-8B0B-A67276B45351}]]></ID><Comment><![CDATA[backup 07/06/24]]></Comment><GPODisplayName><![CDATA[GPO_Mappage_Dossier_Dept_RH]]></GPODisplayName></BackupInst>
