<BackupInst xmlns="http://www.microsoft.com/GroupPolicy/GPOOperations/Manifest"><GPOGuid><![CDATA[{55F002DC-843B-422C-8E56-5CC8FA8E7160}]]></GPOGuid><GPODomain><![CDATA[pharmgreen.org]]></GPODomain><GPODomainGuid><![CDATA[{30a9b849-5fce-4bec-afa0-5949f5a7e37f}]]></GPODomainGuid><GPODomainController><![CDATA[WINSERV.pharmgreen.org]]></GPODomainController><BackupTime><![CDATA[2024-05-23T08:42:16]]></BackupTime><ID><![CDATA[{B8D32D84-B6AC-40F9-B729-E10BF31A7B2A}]]></ID><Comment><![CDATA[]]></Comment><GPODisplayName><![CDATA[GPO_Secu_Date_Time]]></GPODisplayName></BackupInst>
